Nombre de Registro,Origen,ID,Nivel,Categoria de Tarea,Registrado,Equipo,Usuario,Mensaje,EventRecordID
System,Microsoft-Windows-Kernel-Power,107,Información,102,2025-01-20 23:10:21,CamiloMM,,El sistema se reanudó del estado de suspensión.,25750
System,Microsoft-Windows-Kernel-Power,42,Información,64,2025-01-20 23:10:19,CamiloMM,,El sistema está entrando en suspensión.  Motivo de la suspensión: Application API,25749
System,Microsoft-Windows-Kernel-Power,40,Información,36,2025-01-20 23:10:19,CamiloMM,,El controlador \Driver\ACPI del dispositivo  detuvo la transición de energía.,25748
System,Microsoft-Windows-Kernel-Power,40,Información,36,2025-01-20 23:10:19,CamiloMM,,El controlador \Driver\ACPI del dispositivo  detuvo la transición de energía.,25747
System,Microsoft-Windows-Kernel-Power,40,Información,36,2025-01-20 23:10:19,CamiloMM,,El controlador \Driver\ACPI del dispositivo  detuvo la transición de energía.,25746
System,Microsoft-Windows-Kernel-Power,40,Información,36,2025-01-20 23:10:19,CamiloMM,,El controlador \Driver\ACPI del dispositivo  detuvo la transición de energía.,25745
System,Microsoft-Windows-Kernel-Power,566,Información,268,2025-01-20 23:10:18,CamiloMM,NT AUTHORITY\SYSTEM,La sesión del sistema ha cambiado de 0 a 1.  Motivo ScreenOffGracePeriod   BootId: 46,25744
System,Microsoft-Windows-Kernel-Power,187,Información,243,2025-01-20 23:10:18,CamiloMM,NT AUTHORITY\SYSTEM,El proceso de modo de usuario intentó cambiar el estado del sistema llamando a las API SetSuspendState o SetSystemPowerState.,25743
System,Win32k,267,Información,Ninguno,2025-01-20 23:10:18,CamiloMM,,La comprobación de control de calidad de hardware táctil se realizó correctamente.,25742
System,Microsoft-Windows-Winlogon,7002,Información,1102,2025-01-20 23:10:17,CamiloMM,NT AUTHORITY\SYSTEM,Notificación de cierre de sesión de usuario para el Programa para la mejora de la experiencia del usuario,25741
System,User32,1074,Información,Ninguno,2025-01-20 23:10:15,CamiloMM,CAMILOMM\monsa,El proceso C:\Windows\System32\RuntimeBroker.exe (CAMILOMM) inició el Apagar del equipo CAMILOMM en nombre del usuario CamiloMM\monsa por el siguiente motivo: Otros (no planeado)  Código de motivo: 0x0  Tipo de apagado: Apagar  Comentario: ,25740
System,Service Control Manager,7040,Información,Ninguno,2025-01-20 21:15:37,CamiloMM,NT AUTHORITY\SYSTEM,El tipo de inicio del servicio Servicio de transferencia inteligente en segundo plano (BITS) se cambió de inicio automático a inicio por solicitud.,25739
System,Service Control Manager,7040,Información,Ninguno,2025-01-20 21:10:32,CamiloMM,NT AUTHORITY\SYSTEM,El tipo de inicio del servicio Servicio de transferencia inteligente en segundo plano (BITS) se cambió de inicio por solicitud a inicio automático.,25738
System,Service Control Manager,7040,Información,Ninguno,2025-01-20 20:53:30,CamiloMM,NT AUTHORITY\SYSTEM,El tipo de inicio del servicio Servicio de transferencia inteligente en segundo plano (BITS) se cambió de inicio automático a inicio por solicitud.,25737
System,Microsoft-Windows-DistributedCOM,10016,Advertencia,Ninguno,2025-01-20 20:52:15,CamiloMM,CAMILOMM\monsa,La configuración de permisos específico de la aplicación no concede el permiso Activación Local para la aplicación de servidor COM con CLSID  {2593F8B9-4EAF-457C-B68A-50F6B8EA6B54}  y APPID  {15C20B67-12E7-4BB6-92BB-7AFF07997402}  al usuario CamiloMM\monsa con SID (S-1-5-21-854866677-1834114146-3748758031-1001) en la dirección LocalHost (con LRPC) que se ejecuta en el contenedor de aplicaciones con SID No disponible (No disponible). Este permiso de seguridad se puede modificar mediante la herramienta administrativa Servicios de componentes.,25736
System,Service Control Manager,7040,Información,Ninguno,2025-01-20 20:51:24,CamiloMM,NT AUTHORITY\SYSTEM,El tipo de inicio del servicio Servicio de transferencia inteligente en segundo plano (BITS) se cambió de inicio por solicitud a inicio automático.,25735
System,Microsoft-Windows-WindowsUpdateClient,19,Información,Agente de Windows Update,2025-01-20 20:50:55,CamiloMM,NT AUTHORITY\SYSTEM,Instalación correcta: Windows instaló correctamente la siguiente actualización: Actualización de inteligencia de seguridad para Microsoft Defender Antivirus - KB2267602 (versión 1.421.1462.0) - Canal actual (ampliado),25734
System,Service Control Manager,7045,Información,Ninguno,2025-01-20 20:50:55,CamiloMM,NT AUTHORITY\SYSTEM,Se instaló un servicio en el sistema.  Nombre del servicio:  MpKsl015f61b8 Nombre del archivo del servicio:  C:\ProgramData\Microsoft\Windows Defender\Definition Updates\{69B43ECE-E459-4076-878F-A0142E9A3201}\MpKslDrv.sys Tipo de servicio:  controlador de modo kernel Tipo de inicio de servicio:  inicio por solicitud Cuenta de servicio:  ,25733
System,Microsoft-Windows-WindowsUpdateClient,43,Información,Agente de Windows Update,2025-01-20 20:50:48,CamiloMM,NT AUTHORITY\SYSTEM,Instalación iniciada: Windows comenzó a instalar la actualización siguiente: Actualización de inteligencia de seguridad para Microsoft Defender Antivirus - KB2267602 (versión 1.421.1462.0) - Canal actual (ampliado),25732
System,Microsoft-Windows-WindowsUpdateClient,44,Información,Agente de Windows Update,2025-01-20 20:50:48,CamiloMM,NT AUTHORITY\SYSTEM,Windows Update comenzó a descargar una actualización.,25731
System,Service Control Manager,7040,Información,Ninguno,2025-01-20 20:44:15,CamiloMM,NT AUTHORITY\SYSTEM,El tipo de inicio del servicio Servicio de transferencia inteligente en segundo plano (BITS) se cambió de inicio automático a inicio por solicitud.,25730
System,Service Control Manager,7045,Información,Ninguno,2025-01-20 20:42:49,CamiloMM,NT AUTHORITY\SYSTEM,Se instaló un servicio en el sistema.  Nombre del servicio:  MpKsl2da4ee38 Nombre del archivo del servicio:  C:\ProgramData\Microsoft\Windows Defender\Definition Updates\{7A674EB9-A3C8-4D2D-AC09-30100BF6FA2C}\MpKslDrv.sys Tipo de servicio:  controlador de modo kernel Tipo de inicio de servicio:  inicio por solicitud Cuenta de servicio:  ,25729
System,Microsoft-Windows-DistributedCOM,10016,Advertencia,Ninguno,2025-01-20 20:42:13,CamiloMM,NT AUTHORITY\SYSTEM,La configuración de permisos específico de la aplicación no concede el permiso Iniciar Local para la aplicación de servidor COM con CLSID  Windows.SecurityCenter.WscDataProtection  y APPID  No disponible  al usuario NT AUTHORITY\SYSTEM con SID (S-1-5-18) en la dirección LocalHost (con LRPC) que se ejecuta en el contenedor de aplicaciones con SID No disponible (No disponible). Este permiso de seguridad se puede modificar mediante la herramienta administrativa Servicios de componentes.,25728
System,Microsoft-Windows-DistributedCOM,10016,Advertencia,Ninguno,2025-01-20 20:42:13,CamiloMM,NT AUTHORITY\SYSTEM,La configuración de permisos específico de la aplicación no concede el permiso Iniciar Local para la aplicación de servidor COM con CLSID  Windows.SecurityCenter.SecurityAppBroker  y APPID  No disponible  al usuario NT AUTHORITY\SYSTEM con SID (S-1-5-18) en la dirección LocalHost (con LRPC) que se ejecuta en el contenedor de aplicaciones con SID No disponible (No disponible). Este permiso de seguridad se puede modificar mediante la herramienta administrativa Servicios de componentes.,25727
System,Microsoft-Windows-DistributedCOM,10016,Advertencia,Ninguno,2025-01-20 20:42:13,CamiloMM,NT AUTHORITY\SYSTEM,La configuración de permisos específico de la aplicación no concede el permiso Iniciar Local para la aplicación de servidor COM con CLSID  Windows.SecurityCenter.WscBrokerManager  y APPID  No disponible  al usuario NT AUTHORITY\SYSTEM con SID (S-1-5-18) en la dirección LocalHost (con LRPC) que se ejecuta en el contenedor de aplicaciones con SID No disponible (No disponible). Este permiso de seguridad se puede modificar mediante la herramienta administrativa Servicios de componentes.,25726
System,Service Control Manager,7000,Error,Ninguno,2025-01-20 20:42:12,CamiloMM,,El servicio Google Update Servicio (gupdate) no pudo iniciarse debido al siguiente error:  El servicio no respondió a tiempo a la solicitud de inicio o de control.,25725
System,Service Control Manager,7009,Error,Ninguno,2025-01-20 20:42:12,CamiloMM,,Se agotó el tiempo de espera (30000 ms) para la conexión con el servicio Google Update Servicio (gupdate).,25724
System,Microsoft-Windows-Kernel-General,16,Información,Ninguno,2025-01-20 20:42:12,CamiloMM,NT AUTHORITY\SYSTEM,El historial de accesos en el subárbol \??\C:\WINDOWS\ServiceProfiles\NetworkService\AppData\Local\Microsoft\Windows\DeliveryOptimization\State\dosvcState.dat se borró mediante la actualización de 24 claves y la creación de 7 páginas modificadas.,25723
System,Microsoft-Windows-DistributedCOM,10016,Advertencia,Ninguno,2025-01-20 20:41:11,CamiloMM,CAMILOMM\monsa,La configuración de permisos específico de la aplicación no concede el permiso Activación Local para la aplicación de servidor COM con CLSID  {2593F8B9-4EAF-457C-B68A-50F6B8EA6B54}  y APPID  {15C20B67-12E7-4BB6-92BB-7AFF07997402}  al usuario CamiloMM\monsa con SID (S-1-5-21-854866677-1834114146-3748758031-1001) en la dirección LocalHost (con LRPC) que se ejecuta en el contenedor de aplicaciones con SID No disponible (No disponible). Este permiso de seguridad se puede modificar mediante la herramienta administrativa Servicios de componentes.,25722
System,Microsoft-Windows-Kernel-Processor-Power,37,Advertencia,7,2025-01-20 20:41:07,CamiloMM,NT AUTHORITY\SYSTEM,La velocidad del procesador 11 del grupo 0 está limitada por el firmware del sistema. El procesador ha mostrado este estado de rendimiento reducido durante 71 segundos desde el último informe.,25721
System,Microsoft-Windows-DistributedCOM,10016,Advertencia,Ninguno,2025-01-20 20:40:30,CamiloMM,CAMILOMM\monsa,La configuración de permisos específico de la aplicación no concede el permiso Iniciar Local para la aplicación de servidor COM con CLSID  Windows.SecurityCenter.WscCloudBackupProvider  y APPID  No disponible  al usuario CamiloMM\monsa con SID (S-1-5-21-854866677-1834114146-3748758031-1001) en la dirección LocalHost (con LRPC) que se ejecuta en el contenedor de aplicaciones con SID No disponible (No disponible). Este permiso de seguridad se puede modificar mediante la herramienta administrativa Servicios de componentes.,25720
System,Microsoft-Windows-DistributedCOM,10016,Advertencia,Ninguno,2025-01-20 20:40:30,CamiloMM,CAMILOMM\monsa,La configuración de permisos específico de la aplicación no concede el permiso Iniciar Local para la aplicación de servidor COM con CLSID  Windows.SecurityCenter.WscCloudBackupProvider  y APPID  No disponible  al usuario CamiloMM\monsa con SID (S-1-5-21-854866677-1834114146-3748758031-1001) en la dirección LocalHost (con LRPC) que se ejecuta en el contenedor de aplicaciones con SID No disponible (No disponible). Este permiso de seguridad se puede modificar mediante la herramienta administrativa Servicios de componentes.,25719
System,Microsoft-Windows-DistributedCOM,10016,Advertencia,Ninguno,2025-01-20 20:40:30,CamiloMM,CAMILOMM\monsa,La configuración de permisos específico de la aplicación no concede el permiso Iniciar Local para la aplicación de servidor COM con CLSID  Windows.SecurityCenter.WscCloudBackupProvider  y APPID  No disponible  al usuario CamiloMM\monsa con SID (S-1-5-21-854866677-1834114146-3748758031-1001) en la dirección LocalHost (con LRPC) que se ejecuta en el contenedor de aplicaciones con SID No disponible (No disponible). Este permiso de seguridad se puede modificar mediante la herramienta administrativa Servicios de componentes.,25718
System,Microsoft-Windows-DistributedCOM,10016,Advertencia,Ninguno,2025-01-20 20:40:29,CamiloMM,CAMILOMM\monsa,La configuración de permisos específico de la aplicación no concede el permiso Iniciar Local para la aplicación de servidor COM con CLSID  Windows.SecurityCenter.WscCloudBackupProvider  y APPID  No disponible  al usuario CamiloMM\monsa con SID (S-1-5-21-854866677-1834114146-3748758031-1001) en la dirección LocalHost (con LRPC) que se ejecuta en el contenedor de aplicaciones con SID No disponible (No disponible). Este permiso de seguridad se puede modificar mediante la herramienta administrativa Servicios de componentes.,25717
System,Microsoft-Windows-DistributedCOM,10016,Advertencia,Ninguno,2025-01-20 20:40:29,CamiloMM,CAMILOMM\monsa,La configuración de permisos específico de la aplicación no concede el permiso Iniciar Local para la aplicación de servidor COM con CLSID  Windows.SecurityCenter.WscCloudBackupProvider  y APPID  No disponible  al usuario CamiloMM\monsa con SID (S-1-5-21-854866677-1834114146-3748758031-1001) en la dirección LocalHost (con LRPC) que se ejecuta en el contenedor de aplicaciones con SID No disponible (No disponible). Este permiso de seguridad se puede modificar mediante la herramienta administrativa Servicios de componentes.,25716
System,Microsoft-Windows-DistributedCOM,10016,Advertencia,Ninguno,2025-01-20 20:40:28,CamiloMM,CAMILOMM\monsa,La configuración de permisos específico de la aplicación no concede el permiso Iniciar Local para la aplicación de servidor COM con CLSID  Windows.SecurityCenter.WscCloudBackupProvider  y APPID  No disponible  al usuario CamiloMM\monsa con SID (S-1-5-21-854866677-1834114146-3748758031-1001) en la dirección LocalHost (con LRPC) que se ejecuta en el contenedor de aplicaciones con SID No disponible (No disponible). Este permiso de seguridad se puede modificar mediante la herramienta administrativa Servicios de componentes.,25715
System,Service Control Manager,7040,Información,Ninguno,2025-01-20 20:40:26,CamiloMM,NT AUTHORITY\SYSTEM,El tipo de inicio del servicio Servicio de transferencia inteligente en segundo plano (BITS) se cambió de inicio por solicitud a inicio automático.,25714
System,TPM,17,Información,Ninguno,2025-01-20 20:40:22,CamiloMM,NT AUTHORITY\SYSTEM,El hardware del Módulo de plataforma segura (TPM) no pudo ejecutar un comando de TPM.,25713
System,TPM,17,Información,Ninguno,2025-01-20 20:40:22,CamiloMM,NT AUTHORITY\SYSTEM,El hardware del Módulo de plataforma segura (TPM) no pudo ejecutar un comando de TPM.,25712
System,TPM,17,Información,Ninguno,2025-01-20 20:40:20,CamiloMM,NT AUTHORITY\SYSTEM,El hardware del Módulo de plataforma segura (TPM) no pudo ejecutar un comando de TPM.,25711
System,TPM,17,Información,Ninguno,2025-01-20 20:40:20,CamiloMM,NT AUTHORITY\SYSTEM,El hardware del Módulo de plataforma segura (TPM) no pudo ejecutar un comando de TPM.,25710
System,Microsoft-Windows-TPM-WMI,1025,Información,Ninguno,2025-01-20 20:40:17,CamiloMM,NT AUTHORITY\SYSTEM,El TPM se aprovisionó correctamente y está listo para su uso.,25709
System,Microsoft-Windows-TPM-WMI,1282,Información,Ninguno,2025-01-20 20:40:16,CamiloMM,NT AUTHORITY\SYSTEM,Se generó el identificador de dispositivos TBS.,25708
System,TPM,18,Información,Ninguno,2025-01-20 20:40:15,CamiloMM,NT AUTHORITY\SYSTEM,Este evento desencadena que se ejecute la comprobación de estado/aprovisionamiento del Módulo de plataforma segura (TPM).,25707
System,Microsoft-Windows-IsolatedUserMode,1,Información,Ninguno,2025-01-20 20:40:14,CamiloMM,NT AUTHORITY\LOCAL SERVICE,Secure Trustlet \??\C:\WINDOWS\System32\NgcIso.exe Id 6 and Pid 9192 started with status STATUS_SUCCESS.,25706
System,Microsoft-Windows-IsolatedUserMode,5,Información,Ninguno,2025-01-20 20:40:14,CamiloMM,NT AUTHORITY\LOCAL SERVICE,Secure Trustlet NULL Id 0 and Pid 0 started with status STATUS_SUCCESS.,25705
System,Microsoft-Windows-FilterManager,6,Información,Ninguno,2025-01-20 20:40:13,CamiloMM,NT AUTHORITY\SYSTEM,"Filtro de sistema de archivos 'gameflt' (10.0, ‎2009‎-‎11‎-‎22T14:11:52.000000000Z) correctamente cargado y registrado con el administrador de filtros.",25704
System,Microsoft-Windows-DistributedCOM,10016,Advertencia,Ninguno,2025-01-20 20:40:12,CamiloMM,NT AUTHORITY\LOCAL SERVICE,La configuración de permisos específico de la aplicación no concede el permiso Activación Local para la aplicación de servidor COM con CLSID  {6B3B8D23-FA8D-40B9-8DBD-B950333E2C52}  y APPID  {4839DDB7-58C2-48F5-8283-E1D1807D0D7D}  al usuario NT AUTHORITY\LOCAL SERVICE con SID (S-1-5-19) en la dirección LocalHost (con LRPC) que se ejecuta en el contenedor de aplicaciones con SID No disponible (No disponible). Este permiso de seguridad se puede modificar mediante la herramienta administrativa Servicios de componentes.,25703
System,Microsoft-Windows-DistributedCOM,10016,Advertencia,Ninguno,2025-01-20 20:40:12,CamiloMM,NT AUTHORITY\LOCAL SERVICE,La configuración de permisos específico de la aplicación no concede el permiso Activación Local para la aplicación de servidor COM con CLSID  {6B3B8D23-FA8D-40B9-8DBD-B950333E2C52}  y APPID  {4839DDB7-58C2-48F5-8283-E1D1807D0D7D}  al usuario NT AUTHORITY\LOCAL SERVICE con SID (S-1-5-19) en la dirección LocalHost (con LRPC) que se ejecuta en el contenedor de aplicaciones con SID No disponible (No disponible). Este permiso de seguridad se puede modificar mediante la herramienta administrativa Servicios de componentes.,25702
System,Service Control Manager,7034,Error,Ninguno,2025-01-20 20:40:12,CamiloMM,,El servicio GameInput Service se terminó de manera inesperada. Esto ha sucedido 6 veces.,25701
System,Service Control Manager,7023,Error,Ninguno,2025-01-20 20:40:12,CamiloMM,,El servicio GameInput Service se cerró con el siguiente error:  El archivo compuesto GameInput Service se creó con una versión de almacenamiento más reciente.,25700
System,Service Control Manager,7026,Información,Ninguno,2025-01-20 20:40:12,CamiloMM,,El siguiente controlador de inicio del sistema o de inicio del arranque no se cargó:  aehd dam,25699
System,Microsoft-Windows-Kernel-General,16,Información,Ninguno,2025-01-20 20:40:12,CamiloMM,NT AUTHORITY\SYSTEM,El historial de accesos en el subárbol \??\C:\ProgramData\Microsoft\Windows\WindowsApps\MicrosoftCorporationII.WindowsSubsystemForLinux_2.3.26.0_x64__8wekyb3d8bbwe\Cache\e8fcac4d90295a3c_COM15.dat se borró mediante la actualización de 1 claves y la creación de 1 páginas modificadas.,25698
System,Microsoft-Windows-Kernel-General,16,Información,Ninguno,2025-01-20 20:40:12,CamiloMM,NT AUTHORITY\SYSTEM,El historial de accesos en el subárbol \??\C:\ProgramData\Microsoft\Windows\WindowsApps\Microsoft.GamingServices_26.95.25001.0_x64__8wekyb3d8bbwe\Cache\58f3eb2d00164457_COM15.dat se borró mediante la actualización de 1 claves y la creación de 1 páginas modificadas.,25697
System,Service Control Manager,7031,Error,Ninguno,2025-01-20 20:40:11,CamiloMM,,El servicio GameInput Service terminó inesperadamente. Esto se ha repetido 5 veces. Se realizará la siguiente acción correctora en 1000 milisegundos: Reiniciar el servicio.,25696
System,Service Control Manager,7023,Error,Ninguno,2025-01-20 20:40:11,CamiloMM,,El servicio GameInput Service se cerró con el siguiente error:  El archivo compuesto GameInput Service se creó con una versión de almacenamiento más reciente.,25695
System,Service Control Manager,7031,Error,Ninguno,2025-01-20 20:40:10,CamiloMM,,El servicio GameInput Service terminó inesperadamente. Esto se ha repetido 4 veces. Se realizará la siguiente acción correctora en 1000 milisegundos: Reiniciar el servicio.,25694
System,Service Control Manager,7023,Error,Ninguno,2025-01-20 20:40:10,CamiloMM,,El servicio GameInput Service se cerró con el siguiente error:  El archivo compuesto GameInput Service se creó con una versión de almacenamiento más reciente.,25693
System,Microsoft-Windows-TPM-WMI,1038,Información,Ninguno,2025-01-20 20:40:09,CamiloMM,NT AUTHORITY\SYSTEM,Las comprobaciones de estado de la atestación previa confirman que se espera que el dispositivo supere la atestación.  Consulte C:\WINDOWS\Logs\MeasuredBoot\0000000229-0000000000.json para obtener información detallada sobre las comprobaciones realizadas.,25692
System,Microsoft-Windows-TPM-WMI,1041,Información,Ninguno,2025-01-20 20:40:09,CamiloMM,NT AUTHORITY\SYSTEM,"Información detallada sobre la comprobación del estado de la atestación previa: {""Version"":1,""HealthStatus"":""Attestable"",""Required"":[{""Field"":""TpmPresent"",""Value"":true,""DesiredValue"":true},{""Field"":""TpmMeetsMinimumVersion"",""Value"":true,""DesiredValue"":true},{""Field"":""TpmIsResponsive"",""Value"":true,""DesiredValue"":true},{""Field"":""EkCertIsAvailable"",""Value"":true,""DesiredValue"":true},{""Field"":""TcgLogFound"",""Value"":true,""DesiredValue"":true}],""Expected"":[{""Field"":""PcrsMatchTcgLog"",""Value"":true,""DesiredValue"":true}],""Informational"":[{""Field"":""SecureBootEnabled"",""ValueFromComputer"":true,""ValueFromTcgLog"":false,""DesiredValue"":true,""TcgValueIsVerifiable"":true},{""Field"":""VirtualSecureMemory"",""ValueFromComputer"":false,""ValueFromTcgLog"":false,""DesiredValue"":true,""TcgValueIsVerifiable"":true},{""Field"":""SecureCorePCCompliant"",""ValueFromComputer"":false,""ValueFromTcgLog"":false,""DesiredValue"":true,""TcgValueIsVerifiable"":true}]}",25691
System,Service Control Manager,7031,Error,Ninguno,2025-01-20 20:40:09,CamiloMM,,El servicio GameInput Service terminó inesperadamente. Esto se ha repetido 3 veces. Se realizará la siguiente acción correctora en 1000 milisegundos: Reiniciar el servicio.,25690
System,Service Control Manager,7023,Error,Ninguno,2025-01-20 20:40:09,CamiloMM,,El servicio GameInput Service se cerró con el siguiente error:  El archivo compuesto GameInput Service se creó con una versión de almacenamiento más reciente.,25689
System,Service Control Manager,7031,Error,Ninguno,2025-01-20 20:40:08,CamiloMM,,El servicio GameInput Service terminó inesperadamente. Esto se ha repetido 2 veces. Se realizará la siguiente acción correctora en 1000 milisegundos: Reiniciar el servicio.,25688
System,Service Control Manager,7023,Error,Ninguno,2025-01-20 20:40:08,CamiloMM,,El servicio GameInput Service se cerró con el siguiente error:  El archivo compuesto GameInput Service se creó con una versión de almacenamiento más reciente.,25687
System,Killer Network Service,0,Información,Ninguno,2025-01-20 20:40:07,CamiloMM,,Service started/resumed,25686
System,Microsoft-Windows-UserModePowerService,12,Información,10,2025-01-20 20:40:07,CamiloMM,NT AUTHORITY\SYSTEM,El proceso C:\Windows\System32\DriverStore\FileRepository\ipf_cpu.inf_amd64_a8fa52ad5fb65cb2\ipf_uf.exe (identificador de proceso:5868) restableció el esquema de directivas de {0d146388-1f05-4da1-81ad-20c9fcdd6e60} a {0d146388-1f05-4da1-81ad-20c9fcdd6e60},25685
System,Microsoft-Windows-UserModePowerService,12,Información,10,2025-01-20 20:40:07,CamiloMM,NT AUTHORITY\SYSTEM,El proceso C:\Windows\System32\DriverStore\FileRepository\ipf_cpu.inf_amd64_a8fa52ad5fb65cb2\ipf_uf.exe (identificador de proceso:5868) restableció el esquema de directivas de {0d146388-1f05-4da1-81ad-20c9fcdd6e60} a {0d146388-1f05-4da1-81ad-20c9fcdd6e60},25684
System,Service Control Manager,7031,Error,Ninguno,2025-01-20 20:40:07,CamiloMM,,El servicio GameInput Service terminó inesperadamente. Esto se ha repetido 1 veces. Se realizará la siguiente acción correctora en 1000 milisegundos: Reiniciar el servicio.,25683
System,Microsoft-Windows-WLAN-AutoConfig,10001,Información,Ninguno,2025-01-20 20:40:07,CamiloMM,NT AUTHORITY\SYSTEM,El módulo de extensibilidad de WLAN se inició correctamente.  Ruta de acceso del módulo: C:\WINDOWS\system32\IntelIHVRouter12.dll,25682
System,Service Control Manager,7023,Error,Ninguno,2025-01-20 20:40:07,CamiloMM,,El servicio GameInput Service se cerró con el siguiente error:  El archivo compuesto GameInput Service se creó con una versión de almacenamiento más reciente.,25681
System,Microsoft-Windows-WLAN-AutoConfig,4000,Información,Ninguno,2025-01-20 20:40:07,CamiloMM,NT AUTHORITY\SYSTEM,El servicio de Configuración automática de WLAN se inició correctamente.,25680
System,Microsoft-Windows-HttpService,112,Información,HTTP Setup Trace Task,2025-01-20 20:40:07,CamiloMM,NT AUTHORITY\SYSTEM,"Se intentó reservar la http://+:3387/rdp/ url. Estado 0x0. Id. de proceso 0x4 ruta de acceso ejecutable , S-1-5-18  de usuario",25679
System,Microsoft-Windows-HttpService,112,Información,HTTP Setup Trace Task,2025-01-20 20:40:07,CamiloMM,NT AUTHORITY\SYSTEM,"Se intentó reservar la https://+:3392/rdp/ url. Estado 0x0. Id. de proceso 0x4 ruta de acceso ejecutable , S-1-5-18  de usuario",25678
System,Microsoft-Windows-HttpService,112,Información,HTTP Setup Trace Task,2025-01-20 20:40:07,CamiloMM,NT AUTHORITY\SYSTEM,"Se intentó reservar la http://+:10243/WMPNSSv4/ url. Estado 0x0. Id. de proceso 0x4 ruta de acceso ejecutable , S-1-5-18  de usuario",25677
System,Microsoft-Windows-HttpService,112,Información,HTTP Setup Trace Task,2025-01-20 20:40:07,CamiloMM,NT AUTHORITY\SYSTEM,"Se intentó reservar la https://+:10245/WMPNSSv4/ url. Estado 0x0. Id. de proceso 0x4 ruta de acceso ejecutable , S-1-5-18  de usuario",25676
System,Microsoft-Windows-HttpService,112,Información,HTTP Setup Trace Task,2025-01-20 20:40:07,CamiloMM,NT AUTHORITY\SYSTEM,"Se intentó reservar la http://+:10247/apps/ url. Estado 0x0. Id. de proceso 0x4 ruta de acceso ejecutable , S-1-5-18  de usuario",25675
System,Microsoft-Windows-HttpService,112,Información,HTTP Setup Trace Task,2025-01-20 20:40:07,CamiloMM,NT AUTHORITY\SYSTEM,"Se intentó reservar la http://+:10246/MDEServer/ url. Estado 0x0. Id. de proceso 0x4 ruta de acceso ejecutable , S-1-5-18  de usuario",25674
System,Microsoft-Windows-HttpService,112,Información,HTTP Setup Trace Task,2025-01-20 20:40:07,CamiloMM,NT AUTHORITY\SYSTEM,"Se intentó reservar la https://+:443/sra_{BA195980-CD49-458b-9E23-C84EE0ADCD75}/ url. Estado 0x0. Id. de proceso 0x4 ruta de acceso ejecutable , S-1-5-18  de usuario",25673
System,Microsoft-Windows-HttpService,112,Información,HTTP Setup Trace Task,2025-01-20 20:40:07,CamiloMM,NT AUTHORITY\SYSTEM,"Se intentó reservar la http://+:5985/wsman/ url. Estado 0x0. Id. de proceso 0x4 ruta de acceso ejecutable , S-1-5-18  de usuario",25672
System,Microsoft-Windows-HttpService,112,Información,HTTP Setup Trace Task,2025-01-20 20:40:07,CamiloMM,NT AUTHORITY\SYSTEM,"Se intentó reservar la http://+:47001/wsman/ url. Estado 0x0. Id. de proceso 0x4 ruta de acceso ejecutable , S-1-5-18  de usuario",25671
System,Microsoft-Windows-HttpService,112,Información,HTTP Setup Trace Task,2025-01-20 20:40:07,CamiloMM,NT AUTHORITY\SYSTEM,"Se intentó reservar la https://+:5986/wsman/ url. Estado 0x0. Id. de proceso 0x4 ruta de acceso ejecutable , S-1-5-18  de usuario",25670
System,Microsoft-Windows-HttpService,112,Información,HTTP Setup Trace Task,2025-01-20 20:40:07,CamiloMM,NT AUTHORITY\SYSTEM,"Se intentó reservar la http://*:2869/ url. Estado 0x0. Id. de proceso 0x4 ruta de acceso ejecutable , S-1-5-18  de usuario",25669
System,Microsoft-Windows-HttpService,112,Información,HTTP Setup Trace Task,2025-01-20 20:40:07,CamiloMM,NT AUTHORITY\SYSTEM,"Se intentó reservar la https://*:5358/ url. Estado 0x0. Id. de proceso 0x4 ruta de acceso ejecutable , S-1-5-18  de usuario",25668
System,Microsoft-Windows-HttpService,112,Información,HTTP Setup Trace Task,2025-01-20 20:40:07,CamiloMM,NT AUTHORITY\SYSTEM,"Se intentó reservar la http://+:80/Temporary_Listen_Addresses/ url. Estado 0x0. Id. de proceso 0x4 ruta de acceso ejecutable , S-1-5-18  de usuario",25667
System,Microsoft-Windows-HttpService,112,Información,HTTP Setup Trace Task,2025-01-20 20:40:07,CamiloMM,NT AUTHORITY\SYSTEM,"Se intentó reservar la http://*:5357/ url. Estado 0x0. Id. de proceso 0x4 ruta de acceso ejecutable , S-1-5-18  de usuario",25666
System,Killer Network Service,16,Información,Service State Event,2025-01-20 20:40:07,CamiloMM,,Service Starting,25665
System,Microsoft-Windows-Hyper-V-VmSwitch,277,Información,Ninguno,2025-01-20 20:40:06,CamiloMM,NT AUTHORITY\SYSTEM,"vmswitch.sys versión 26100.amd64.ge_release_svc_prod1, depuración false, oficial true, 1, 1",25664
System,Microsoft-Windows-Winlogon,7001,Información,1101,2025-01-20 20:40:06,CamiloMM,NT AUTHORITY\SYSTEM,Notificación de inicio de sesión de usuario para el Programa para la mejora de la experiencia del usuario,25663
System,Win32k,267,Información,Ninguno,2025-01-20 20:40:06,CamiloMM,,La comprobación de control de calidad de hardware táctil se realizó correctamente.,25662
System,RST Middleware,27,Información,Ninguno,2025-01-20 20:40:07,CamiloMM,,"Found passthru disk: SCSI Port: 0, SCSI Bus: 4, SCSI Target: 0, PCIe SSD, 1024209543168 bytes, ADATA LEGEND 700                        ",25661
System,RST Middleware,27,Información,Ninguno,2025-01-20 20:40:07,CamiloMM,,"Found passthru disk: SCSI Port: 0, SCSI Bus: 2, SCSI Target: 0, PCIe SSD, 512110190592 bytes, Micron_3400_MTFDKBA512TFH               ",25660
System,Killer Analytics Service,0,,Ninguno,2025-01-20 20:40:07,CamiloMM,,,25659
System,Killer Analytics Service,16,,1,2025-01-20 20:40:07,CamiloMM,,,25658
System,Service Control Manager,7000,Error,Ninguno,2025-01-20 20:40:06,CamiloMM,,El servicio l1vhlwf no pudo iniciarse debido al siguiente error:  Una característica de hipervisor no está disponible para el usuario.,25657
System,Microsoft-Windows-Kernel-General,16,Información,Ninguno,2025-01-20 20:40:06,CamiloMM,NT AUTHORITY\SYSTEM,El historial de accesos en el subárbol \SystemRoot\System32\Config\bbimigrate\BBI se borró mediante la actualización de 1 claves y la creación de 1 páginas modificadas.,25656
System,Microsoft-Windows-FilterManager,6,Información,Ninguno,2025-01-20 20:40:06,CamiloMM,NT AUTHORITY\SYSTEM,"Filtro de sistema de archivos 'bindflt' (10.0, ‎2006‎-‎01‎-‎25T08:58:37.000000000Z) correctamente cargado y registrado con el administrador de filtros.",25655
System,Microsoft-Windows-FilterManager,6,Información,Ninguno,2025-01-20 20:40:06,CamiloMM,NT AUTHORITY\SYSTEM,"Filtro de sistema de archivos 'storqosflt' (10.0, ‎2021‎-‎03‎-‎19T05:47:34.000000000Z) correctamente cargado y registrado con el administrador de filtros.",25654
System,Microsoft-Windows-DHCPv6-Client,51046,Información,Service State Event,2025-01-20 20:40:06,CamiloMM,NT AUTHORITY\LOCAL SERVICE,Servicio de cliente DHCPv6 iniciado,25653
System,Microsoft-Windows-FilterManager,6,Información,Ninguno,2025-01-20 20:40:06,CamiloMM,NT AUTHORITY\SYSTEM,"Filtro de sistema de archivos 'UnionFS' (10.0, ‎2047‎-‎02‎-‎21T06:01:20.000000000Z) correctamente cargado y registrado con el administrador de filtros.",25652
System,Microsoft-Windows-Dhcp-Client,50036,Información,Evento de estado de servicio,2025-01-20 20:40:06,CamiloMM,NT AUTHORITY\LOCAL SERVICE,Servicio cliente DHCPv4 iniciado,25651
System,Microsoft-Windows-Dhcp-Client,50103,Información,Evento de estado de servicio,2025-01-20 20:40:06,CamiloMM,NT AUTHORITY\LOCAL SERVICE,El cliente DHCPv4 registró una la notificación de apagado,25650
System,Microsoft-Windows-Dhcp-Client,50036,Información,Evento de estado de servicio,2025-01-20 20:40:06,CamiloMM,NT AUTHORITY\LOCAL SERVICE,Servicio cliente DHCPv4 iniciado,25649
System,Microsoft-Windows-FilterManager,6,Información,Ninguno,2025-01-20 20:40:06,CamiloMM,NT AUTHORITY\SYSTEM,"Filtro de sistema de archivos 'CldFlt' (10.0, ‎2073‎-‎01‎-‎17T18:35:53.000000000Z) correctamente cargado y registrado con el administrador de filtros.",25648
System,Microsoft-Windows-FilterManager,1,Información,Ninguno,2025-01-20 20:40:06,CamiloMM,NT AUTHORITY\SYSTEM,"Filtro de sistema de archivos 'CldFlt' (Versión 10.0, ‎2073‎-‎01‎-‎17T18:35:53.000000000Z) correctamente descargado.",25647
System,Microsoft-Windows-FilterManager,6,Información,Ninguno,2025-01-20 20:40:06,CamiloMM,NT AUTHORITY\SYSTEM,"Filtro de sistema de archivos 'CldFlt' (10.0, ‎2073‎-‎01‎-‎17T18:35:53.000000000Z) correctamente cargado y registrado con el administrador de filtros.",25646
System,Microsoft-Windows-FilterManager,6,Información,Ninguno,2025-01-20 20:40:06,CamiloMM,NT AUTHORITY\SYSTEM,"Filtro de sistema de archivos 'wcifs' (10.0, ‎1972‎-‎01‎-‎01T09:26:41.000000000Z) correctamente cargado y registrado con el administrador de filtros.",25645
System,Microsoft-Windows-FilterManager,6,Información,Ninguno,2025-01-20 20:40:06,CamiloMM,NT AUTHORITY\SYSTEM,"Filtro de sistema de archivos 'luafv' (10.0, ‎2096‎-‎03‎-‎10T14:35:45.000000000Z) correctamente cargado y registrado con el administrador de filtros.",25644
System,Microsoft-Windows-FilterManager,6,Información,Ninguno,2025-01-20 20:40:06,CamiloMM,NT AUTHORITY\SYSTEM,"Filtro de sistema de archivos 'bfs' (10.0, ‎2043‎-‎01‎-‎26T21:09:39.000000000Z) correctamente cargado y registrado con el administrador de filtros.",25643
System,Microsoft-Windows-Kernel-General,16,Información,Ninguno,2025-01-20 20:40:06,CamiloMM,NT AUTHORITY\SYSTEM,El historial de accesos en el subárbol \SystemRoot\System32\Config\BBI se borró mediante la actualización de 495 claves y la creación de 119 páginas modificadas.,25642
System,Win32k,267,Información,Ninguno,2025-01-20 20:40:06,CamiloMM,,La comprobación de control de calidad de hardware táctil se realizó correctamente.,25641
System,Microsoft-Windows-Kernel-General,16,Información,Ninguno,2025-01-20 20:40:06,CamiloMM,NT AUTHORITY\SYSTEM,El historial de accesos en el subárbol \??\C:\WINDOWS\ServiceProfiles\LocalService\NTUSER.DAT se borró mediante la actualización de 147 claves y la creación de 22 páginas modificadas.,25640
System,Microsoft-Windows-Kernel-General,16,Información,Ninguno,2025-01-20 20:40:06,CamiloMM,NT AUTHORITY\SYSTEM,El historial de accesos en el subárbol \??\C:\WINDOWS\ServiceProfiles\NetworkService\NTUSER.DAT se borró mediante la actualización de 126 claves y la creación de 20 páginas modificadas.,25639
System,Microsoft-Windows-Directory-Services-SAM,16983,Información,Ninguno,2025-01-20 20:40:06,CamiloMM,NT AUTHORITY\SYSTEM,"El administrador de cuentas de seguridad está registrando eventos de resumen periódicos para clientes remotos que llaman un cambio de contraseña heredada o establecen métodos RPC.    Para más información, consulte https://go.microsoft.com/fwlink/?linkid=2150956.",25638
System,Microsoft-Windows-Directory-Services-SAM,16977,Información,Ninguno,2025-01-20 20:40:06,CamiloMM,NT AUTHORITY\SYSTEM,"El dominio está configurado con las siguientes opciones de configuración relacionadas con la longitud mínima de la contraseña.  MinimumPasswordLength: 0  RelaxMinimumPasswordLengthLimits: 0  MinimumPasswordLengthAudit: -1  Para obtener más información, consulta https://go.microsoft.com/fwlink/?LinkId=2097191.",25637
System,Microsoft-Windows-Directory-Services-SAM,16962,Información,Ninguno,2025-01-20 20:40:05,CamiloMM,NT AUTHORITY\SYSTEM,"Se están restringiendo las llamadas remotas a la base de datos SAM mediante el descriptor de seguridad predeterminado: O:SYG:SYD:(A;;RC;;;BA). Para obtener más información, consulte http://go.microsoft.com/fwlink/?LinkId=787651.",25636
System,Microsoft-Windows-IsolatedUserMode,5,Información,Ninguno,2025-01-20 20:40:05,CamiloMM,NT AUTHORITY\SYSTEM,Secure Trustlet NULL Id 0 and Pid 0 started with status STATUS_SUCCESS.,25635
System,LsaSrv,6156,Información,Ninguno,2025-01-20 20:40:05,CamiloMM,NT AUTHORITY\SYSTEM,Seguridad basada en virtualización para el estado de habilitación automática de Credential Guard.  Requisitos de hardware:	1 Dominio unido:	0 Azure AD unido:	0  Licenciado para Credential Guard:	0 Controlador del dominio:	0,25634
System,Microsoft-Windows-Wininit,12,Información,Ninguno,2025-01-20 20:40:05,CamiloMM,NT AUTHORITY\SYSTEM,LSASS.exe se inició como un proceso protegido con nivel: 4.,25633
System,Microsoft-Windows-Wininit,18,Información,Ninguno,2025-01-20 20:40:05,CamiloMM,NT AUTHORITY\SYSTEM,VBS Key Isolation se inició y protegerá las claves aisladas de VSM.,25632
System,Microsoft-Windows-IsolatedUserMode,1,Información,Ninguno,2025-01-20 20:40:05,CamiloMM,NT AUTHORITY\SYSTEM,Secure Trustlet \??\C:\WINDOWS\system32\lsaiso.exe Id 1 and Pid 1440 started with status STATUS_SUCCESS.,25631
System,Microsoft-Windows-IsolatedUserMode,5,Información,Ninguno,2025-01-20 20:40:05,CamiloMM,NT AUTHORITY\SYSTEM,Secure Trustlet NULL Id 0 and Pid 0 started with status STATUS_SUCCESS.,25630
System,Microsoft-Windows-Wininit,14,Información,Ninguno,2025-01-20 20:40:05,CamiloMM,NT AUTHORITY\SYSTEM,Configuración de Credential Guard:  Configuración del registro: 0x0 Configuración de prueba: 0 Habilitación automática: 0,25629
System,BTHUSB,18,Información,Ninguno,2025-01-20 20:40:01,CamiloMM,,Windows no puede almacenar códigos de autenticación de Bluetooth (claves de vínculo) en el adaptador local. Puede que los teclados Bluetooth no funcionen en el BIOS del sistema durante el inicio.,25628
System,Microsoft-Windows-Kernel-PnP,219,Advertencia,212,2025-01-20 20:39:58,CamiloMM,NT AUTHORITY\SYSTEM,No se pudo cargar el \Driver\WUDFRd del controlador. Dispositivo: {DD8E82AE-334B-49A2-AEAE-AEB0FD5C40DD}\DetectionVerification\5&2c95bab1&0&0 Estado: 0xC0000365,25627
System,Microsoft-Windows-DriverFrameworks-UserMode,10118,Información,Startup of the UMDF reflector,2025-01-20 20:39:58,CamiloMM,NT AUTHORITY\SYSTEM,"El reflector UMDF no se puede conectar al Administrador de control de servicios (SCM). Es lo que se espera durante el arranque, cuando el SCM aún no se ha iniciado. Se reintentará cuando se inicie.",25626
System,Intel-SST-OED,28,Información,This task logs error codes to system event log.,2025-01-20 20:39:58,CamiloMM,NT AUTHORITY\SYSTEM,"Loaded DSP FW library: Libs\dsp_lib_whm_adl_release.bin, status = STATUS_SUCCESS.",25625
System,Intel-SST-OED,28,Información,This task logs error codes to system event log.,2025-01-20 20:39:58,CamiloMM,NT AUTHORITY\SYSTEM,"Loaded DSP FW library: Libs\dsp_lib_whm_adl_release.bin, status = STATUS_SUCCESS.",25624
System,Intel-SST-OED,28,Información,This task logs error codes to system event log.,2025-01-20 20:39:58,CamiloMM,NT AUTHORITY\SYSTEM,"Loaded DSP FW library: Libs\dsp_lib_intel_wov_adl_release.bin, status = STATUS_SUCCESS.",25623
System,Intel-SST-OED,28,Información,This task logs error codes to system event log.,2025-01-20 20:39:57,CamiloMM,NT AUTHORITY\SYSTEM,"Library is not supported in BIOS: \??\C:\Windows\System32\DriverStore\FileRepository\intcoed_oemlibpath.inf_amd64_3f628cd0e081d49c\adl_rtksep481_lib.bin, status = Solicitud no compatible..",25622
System,Intel-SST-OED,29,Información,This task logs error codes to system event log.,2025-01-20 20:39:57,CamiloMM,NT AUTHORITY\SYSTEM,FX module is not supported in BIOS:  {7aa4db02-6b41-4bc3-a712-80a2dde29e11} from \??\C:\Windows\System32\DriverStore\FileRepository\intcoed_oemlibpath.inf_amd64_3f628cd0e081d49c\adl_rtksep481_lib.bin.,25621
System,Intel-SST-OED,28,Información,This task logs error codes to system event log.,2025-01-20 20:39:57,CamiloMM,NT AUTHORITY\SYSTEM,"Library is not supported in BIOS: \??\C:\Windows\System32\DriverStore\FileRepository\intcoed_oemlibpath.inf_amd64_3f628cd0e081d49c\adl_dtspost_lib.bin, status = Solicitud no compatible..",25620
System,Intel-SST-OED,29,Información,This task logs error codes to system event log.,2025-01-20 20:39:57,CamiloMM,NT AUTHORITY\SYSTEM,FX module is not supported in BIOS:  {a28aff37-8f9e-4b9f-8c0a-0b86db7ce6f0} from \??\C:\Windows\System32\DriverStore\FileRepository\intcoed_oemlibpath.inf_amd64_3f628cd0e081d49c\adl_dtspost_lib.bin.,25619
System,MEIx64,2,Información,Ninguno,2025-01-20 20:39:57,CamiloMM,,Intel(R) Management Engine Interface driver has started successfully.,25618
System,Netwtw12,7017,Información,Ninguno,2025-01-20 20:39:56,CamiloMM,,7017 - secure boot (SB) configuration,25617
System,Netwtw12,7010,Información,Ninguno,2025-01-20 20:39:56,CamiloMM,,7010 - driver enabled (miniport init),25616
System,Microsoft-Windows-Kernel-Power,521,Información,220,2025-01-20 20:39:56,CamiloMM,NT AUTHORITY\SYSTEM,Cambio de número de baterías,25615
System,Microsoft-Windows-Kernel-Power,521,Información,220,2025-01-20 20:39:56,CamiloMM,NT AUTHORITY\SYSTEM,Cambio de número de baterías,25614
System,Microsoft-Windows-Kernel-Processor-Power,55,Información,47,2025-01-20 20:39:56,CamiloMM,NT AUTHORITY\SYSTEM,El procesador 11 en el grupo 0 expone las siguientes funciones de administración de energía:  Tipo de estado inactivo: ACPI Idle (C) States (estados 3)  Tipo de estado de rendimiento: ACPI Collaborative Processor Performance Control Frecuencia nominal (MHz): 2500 Porcentaje de rendimiento máximo: 165 Porcentaje de rendimiento mínimo: 80 Porcentaje de limitación mínimo: 5,25613
System,Netwtw12,7002,Información,Ninguno,2025-01-20 20:39:56,CamiloMM,,7002 - CTDP power limit value (SPLC),25612
System,Netwtw12,7005,Información,Ninguno,2025-01-20 20:39:56,CamiloMM,,7005 - SAR value max TX power (WRDS),25611
System,Netwtw12,7006,Información,Ninguno,2025-01-20 20:39:56,CamiloMM,,7006 - SAR Geo delta value (WGDS),25610
System,Microsoft-Windows-Kernel-Processor-Power,55,Información,47,2025-01-20 20:39:56,CamiloMM,NT AUTHORITY\SYSTEM,El procesador 10 en el grupo 0 expone las siguientes funciones de administración de energía:  Tipo de estado inactivo: ACPI Idle (C) States (estados 3)  Tipo de estado de rendimiento: ACPI Collaborative Processor Performance Control Frecuencia nominal (MHz): 2500 Porcentaje de rendimiento máximo: 165 Porcentaje de rendimiento mínimo: 80 Porcentaje de limitación mínimo: 5,25609
System,Microsoft-Windows-Kernel-Processor-Power,55,Información,47,2025-01-20 20:39:56,CamiloMM,NT AUTHORITY\SYSTEM,El procesador 9 en el grupo 0 expone las siguientes funciones de administración de energía:  Tipo de estado inactivo: ACPI Idle (C) States (estados 3)  Tipo de estado de rendimiento: ACPI Collaborative Processor Performance Control Frecuencia nominal (MHz): 2500 Porcentaje de rendimiento máximo: 165 Porcentaje de rendimiento mínimo: 80 Porcentaje de limitación mínimo: 5,25608
System,Microsoft-Windows-Kernel-Processor-Power,55,Información,47,2025-01-20 20:39:56,CamiloMM,NT AUTHORITY\SYSTEM,El procesador 8 en el grupo 0 expone las siguientes funciones de administración de energía:  Tipo de estado inactivo: ACPI Idle (C) States (estados 3)  Tipo de estado de rendimiento: ACPI Collaborative Processor Performance Control Frecuencia nominal (MHz): 2500 Porcentaje de rendimiento máximo: 165 Porcentaje de rendimiento mínimo: 80 Porcentaje de limitación mínimo: 5,25607
System,Microsoft-Windows-Kernel-Processor-Power,55,Información,47,2025-01-20 20:39:56,CamiloMM,NT AUTHORITY\SYSTEM,El procesador 7 en el grupo 0 expone las siguientes funciones de administración de energía:  Tipo de estado inactivo: ACPI Idle (C) States (estados 3)  Tipo de estado de rendimiento: ACPI Collaborative Processor Performance Control Frecuencia nominal (MHz): 2500 Porcentaje de rendimiento máximo: 224 Porcentaje de rendimiento mínimo: 84 Porcentaje de limitación mínimo: 4,25606
System,Microsoft-Windows-Kernel-Processor-Power,55,Información,47,2025-01-20 20:39:56,CamiloMM,NT AUTHORITY\SYSTEM,El procesador 6 en el grupo 0 expone las siguientes funciones de administración de energía:  Tipo de estado inactivo: ACPI Idle (C) States (estados 3)  Tipo de estado de rendimiento: ACPI Collaborative Processor Performance Control Frecuencia nominal (MHz): 2500 Porcentaje de rendimiento máximo: 224 Porcentaje de rendimiento mínimo: 84 Porcentaje de limitación mínimo: 4,25605
System,Microsoft-Windows-Kernel-Processor-Power,55,Información,47,2025-01-20 20:39:56,CamiloMM,NT AUTHORITY\SYSTEM,El procesador 5 en el grupo 0 expone las siguientes funciones de administración de energía:  Tipo de estado inactivo: ACPI Idle (C) States (estados 3)  Tipo de estado de rendimiento: ACPI Collaborative Processor Performance Control Frecuencia nominal (MHz): 2500 Porcentaje de rendimiento máximo: 224 Porcentaje de rendimiento mínimo: 80 Porcentaje de limitación mínimo: 4,25604
System,Microsoft-Windows-Kernel-Processor-Power,55,Información,47,2025-01-20 20:39:56,CamiloMM,NT AUTHORITY\SYSTEM,El procesador 4 en el grupo 0 expone las siguientes funciones de administración de energía:  Tipo de estado inactivo: ACPI Idle (C) States (estados 3)  Tipo de estado de rendimiento: ACPI Collaborative Processor Performance Control Frecuencia nominal (MHz): 2500 Porcentaje de rendimiento máximo: 224 Porcentaje de rendimiento mínimo: 72 Porcentaje de limitación mínimo: 4,25603
System,Microsoft-Windows-Kernel-Processor-Power,55,Información,47,2025-01-20 20:39:56,CamiloMM,NT AUTHORITY\SYSTEM,El procesador 3 en el grupo 0 expone las siguientes funciones de administración de energía:  Tipo de estado inactivo: ACPI Idle (C) States (estados 3)  Tipo de estado de rendimiento: ACPI Collaborative Processor Performance Control Frecuencia nominal (MHz): 2500 Porcentaje de rendimiento máximo: 224 Porcentaje de rendimiento mínimo: 80 Porcentaje de limitación mínimo: 4,25602
System,Microsoft-Windows-Kernel-Processor-Power,55,Información,47,2025-01-20 20:39:56,CamiloMM,NT AUTHORITY\SYSTEM,El procesador 2 en el grupo 0 expone las siguientes funciones de administración de energía:  Tipo de estado inactivo: ACPI Idle (C) States (estados 3)  Tipo de estado de rendimiento: ACPI Collaborative Processor Performance Control Frecuencia nominal (MHz): 2500 Porcentaje de rendimiento máximo: 224 Porcentaje de rendimiento mínimo: 72 Porcentaje de limitación mínimo: 4,25601
System,Microsoft-Windows-Kernel-Processor-Power,55,Información,47,2025-01-20 20:39:56,CamiloMM,NT AUTHORITY\SYSTEM,El procesador 1 en el grupo 0 expone las siguientes funciones de administración de energía:  Tipo de estado inactivo: ACPI Idle (C) States (estados 3)  Tipo de estado de rendimiento: ACPI Collaborative Processor Performance Control Frecuencia nominal (MHz): 2500 Porcentaje de rendimiento máximo: 224 Porcentaje de rendimiento mínimo: 72 Porcentaje de limitación mínimo: 4,25600
System,Microsoft-Windows-Kernel-Processor-Power,55,Información,47,2025-01-20 20:39:56,CamiloMM,NT AUTHORITY\SYSTEM,El procesador 0 en el grupo 0 expone las siguientes funciones de administración de energía:  Tipo de estado inactivo: ACPI Idle (C) States (estados 3)  Tipo de estado de rendimiento: ACPI Collaborative Processor Performance Control Frecuencia nominal (MHz): 2500 Porcentaje de rendimiento máximo: 224 Porcentaje de rendimiento mínimo: 24 Porcentaje de limitación mínimo: 4,25599
System,Netwtw12,7027,Información,Ninguno,2025-01-20 20:39:56,CamiloMM,,7027 - get Nic Manufacturere on init,25598
System,Netwtw12,7036,Información,Ninguno,2025-01-20 20:39:56,CamiloMM,,El servicio \Device\NDMP1 entró en estado Killer(R) Wi-Fi 6 AX1650i 160MHz Wireless Network Adapter (201NGW).,25597
System,Microsoft-Windows-Kernel-PnP,219,Advertencia,212,2025-01-20 20:39:54,CamiloMM,NT AUTHORITY\SYSTEM,No se pudo cargar el \Driver\WUDFRd del controlador. Dispositivo: PCI\VEN_8086&DEV_461D&SUBSYS_159C1025&REV_02\3&11583659&0&20 Estado: 0xC0000365,25596
System,Microsoft-Windows-DriverFrameworks-UserMode,10118,Información,Startup of the UMDF reflector,2025-01-20 20:39:54,CamiloMM,NT AUTHORITY\SYSTEM,"El reflector UMDF no se puede conectar al Administrador de control de servicios (SCM). Es lo que se espera durante el arranque, cuando el SCM aún no se ha iniciado. Se reintentará cuando se inicie.",25595
System,Microsoft-Windows-Kernel-General,24,Información,11,2025-01-20 20:39:53,CamiloMM,NT AUTHORITY\SYSTEM,La información de zona horaria se actualizó con el motivo de salida 0. La diferencia de zona horaria actual es 300.,25594
System,Microsoft-Windows-Ntfs,98,Información,Ninguno,2025-01-20 20:39:53,CamiloMM,NT AUTHORITY\SYSTEM,Volumen \\?\Volume{55e27608-7925-4647-814e-9c462b7963b1} (\Device\HarddiskVolume4) es correcto. No se requiere ninguna acción.,25593
System,Microsoft-Windows-Kernel-General,15,Información,10,2025-01-20 20:39:53,CamiloMM,NT AUTHORITY\SYSTEM,El subárbol \SystemRoot\System32\Config\SOFTWARE se reorganizó con un tamaño inicial de 150478848 bytes y un tamaño final de 141357056 bytes.,25592
System,Microsoft-Windows-Ntfs,98,Información,Ninguno,2025-01-20 20:39:51,CamiloMM,NT AUTHORITY\SYSTEM,Volumen D: (\Device\HarddiskVolume6) es correcto. No se requiere ninguna acción.,25591
System,Microsoft-Windows-Kernel-General,16,Información,Ninguno,2025-01-20 20:39:51,CamiloMM,NT AUTHORITY\SYSTEM,El historial de accesos en el subárbol \SystemRoot\System32\Config\DEFAULT se borró mediante la actualización de 883 claves y la creación de 144 páginas modificadas.,25590
System,Microsoft-Windows-Kernel-General,16,Información,Ninguno,2025-01-20 20:39:51,CamiloMM,NT AUTHORITY\SYSTEM,El historial de accesos en el subárbol \SystemRoot\System32\Config\SAM se borró mediante la actualización de 57 claves y la creación de 7 páginas modificadas.,25589
System,Microsoft-Windows-Kernel-General,16,Información,Ninguno,2025-01-20 20:39:51,CamiloMM,NT AUTHORITY\SYSTEM,El historial de accesos en el subárbol \SystemRoot\System32\Config\SECURITY se borró mediante la actualización de 98 claves y la creación de 4 páginas modificadas.,25588
System,Microsoft-Windows-Kernel-Power,172,Información,203,2025-01-20 20:39:51,CamiloMM,NT AUTHORITY\SYSTEM,Estado de conectividad en modo de espera: Disconnected. Motivo: NIC compliance,25587
System,Microsoft-Windows-Kernel-Power,125,Información,86,2025-01-20 20:39:51,CamiloMM,NT AUTHORITY\SYSTEM,La zona térmica ACPI \_TZ.TZ00 se ha enumerado.              _PSV = 0K              _TC1 = 0              _TC2 = 0              _TSP = 0ms              _AC0 = 0K              _AC1 = 0K              _AC2 = 0K              _AC3 = 0K              _AC4 = 0K              _AC5 = 0K              _AC6 = 0K              _AC7 = 0K              _AC8 = 0K              _AC9 = 0K              _CRT = 393K              _HOT = 383K              Límite mínimo = 0              _CR3 = 0K,25586
System,Microsoft-Windows-FilterManager,6,Información,Ninguno,2025-01-20 20:39:51,CamiloMM,NT AUTHORITY\SYSTEM,"Filtro de sistema de archivos 'npsvctrig' (10.0, ‎1978‎-‎05‎-‎14T04:13:30.000000000Z) correctamente cargado y registrado con el administrador de filtros.",25585
System,VfpExt,7036,Información,Ninguno,2025-01-20 20:39:50,CamiloMM,,El servicio  entró en estado Driver load complete.,25584
System,VfpExt,7036,Información,Ninguno,2025-01-20 20:39:50,CamiloMM,,El servicio  entró en estado Driver load start.,25583
System,Microsoft-Windows-FilterManager,6,Información,Ninguno,2025-01-20 20:39:50,CamiloMM,NT AUTHORITY\SYSTEM,"Filtro de sistema de archivos 'UCPD' (10.0, ‎2089‎-‎04‎-‎23T04:50:47.000000000Z) correctamente cargado y registrado con el administrador de filtros.",25582
System,Microsoft-Windows-FilterManager,6,Información,Ninguno,2025-01-20 20:39:50,CamiloMM,NT AUTHORITY\SYSTEM,"Filtro de sistema de archivos 'FileCrypt' (10.0, ‎2075‎-‎08‎-‎31T17:07:07.000000000Z) correctamente cargado y registrado con el administrador de filtros.",25581
System,Microsoft-Windows-Ntfs,98,Información,Ninguno,2025-01-20 20:39:46,CamiloMM,NT AUTHORITY\SYSTEM,Volumen C: (\Device\HarddiskVolume3) es correcto. No se requiere ninguna acción.,25580
System,Microsoft-Windows-FilterManager,6,Información,Ninguno,2025-01-20 20:39:46,CamiloMM,NT AUTHORITY\SYSTEM,"Filtro de sistema de archivos 'WdFilter' (10.0, ‎2072‎-‎04‎-‎25T23:11:39.000000000Z) correctamente cargado y registrado con el administrador de filtros.",25579
System,Microsoft-Windows-FilterManager,6,Información,Ninguno,2025-01-20 20:39:46,CamiloMM,NT AUTHORITY\SYSTEM,"Filtro de sistema de archivos 'Wof' (10.0, ‎1978‎-‎08‎-‎05T09:40:22.000000000Z) correctamente cargado y registrado con el administrador de filtros.",25578
System,Microsoft-Windows-FilterManager,6,Información,Ninguno,2025-01-20 20:39:46,CamiloMM,NT AUTHORITY\SYSTEM,"Filtro de sistema de archivos 'FileInfo' (10.0, ‎2093‎-‎04‎-‎01T20:29:43.000000000Z) correctamente cargado y registrado con el administrador de filtros.",25577
System,Microsoft-Windows-HAL,16,Información,Ninguno,2025-01-20 20:39:45,CamiloMM,NT AUTHORITY\SYSTEM,Se ha inicializado el informe de errores IOMMU.,25576
System,Microsoft-Windows-Kernel-General,20,Información,6,2025-01-20 20:39:45,CamiloMM,NT AUTHORITY\SYSTEM,Se ha actualizado la configuración del segundo intercalar.  Motivo: Leap second data initialized from registry during boot Segundos intercalares habilitados: true Nuevo recuento de segundos intercalares: 0 Antiguo recuento de segundos intercalares: 0,25575
System,Microsoft-Windows-Kernel-Boot,30,Información,21,2025-01-20 20:39:45,CamiloMM,NT AUTHORITY\SYSTEM,El firmware notificó métricas de arranque.,25574
System,Microsoft-Windows-IsolatedUserMode,3,Información,Ninguno,2025-01-20 20:39:45,CamiloMM,NT AUTHORITY\SYSTEM,"Secure Kernel started with status STATUS_SUCCESS and flags HvciEnabled,HvciStrictMode.",25573
System,Microsoft-Windows-Hyper-V-Hypervisor,167,Advertencia,Ninguno,2025-01-20 20:39:45,CamiloMM,NT AUTHORITY\SYSTEM,"El hipervisor no habilitó mitigaciones para vulnerabilidades de canal lateral para máquinas virtuales porque HyperThreading está habilitado. Para habilitar mitigaciones para máquinas virtuales, deshabilite HyperThreading.",25572
System,Microsoft-Windows-Hyper-V-Hypervisor,165,Información,Ninguno,2025-01-20 20:39:45,CamiloMM,NT AUTHORITY\SYSTEM,"Mitigaciones configuradas del hipervisor para CVE-2019-11091, CVE-2018-12126, CVE-2018-12127, CVE-2018-12130 para máquinas virtuales.  Procesador no afectado: true Familia de procesadores no afectada: false El procesador admite el vaciado del búfer microarquitectura: true Vaciado del búfer necesario: true",25571
System,Microsoft-Windows-Hyper-V-Hypervisor,156,Información,Ninguno,2025-01-20 20:39:45,CamiloMM,NT AUTHORITY\SYSTEM,Mitigaciones configuradas del hipervisor para CVE-2018-3646 para máquinas virtuales.  Procesador no afectado: true Familia de procesadores no afectada: false El procesador admite el vaciado de caché: true HyperThreading habilitado: false El hipervisor primario aplica mitigaciones: false Mitigaciones deshabilitadas por bcdedit: false Mitigaciones habilitadas: true Es necesario vaciar la caché: false,25570
System,Microsoft-Windows-Hyper-V-Hypervisor,129,Información,Ninguno,2025-01-20 20:39:45,CamiloMM,NT AUTHORITY\SYSTEM,El hipervisor inicializó la reasignación de E/S.  Hardware presente: true Hardware habilitado: true Directiva: 0x0 Características habilitadas: 0x43 Información interna: 0x0 Problemas: 0x0 Información adicional: 0x0,25569
System,Microsoft-Windows-Hyper-V-Hypervisor,2,Información,Ninguno,2025-01-20 20:39:45,CamiloMM,NT AUTHORITY\SYSTEM,El tipo de programador de hipervisor es 0x4.,25568
System,Microsoft-Windows-Hyper-V-Hypervisor,1,Información,Ninguno,2025-01-20 20:39:45,CamiloMM,NT AUTHORITY\SYSTEM,El hipervisor se inició correctamente. ,25567
System,Microsoft-Windows-Kernel-Boot,27,Información,33,2025-01-20 20:39:45,CamiloMM,NT AUTHORITY\SYSTEM,El tipo de arranque fue 0x0.,25566
System,Microsoft-Windows-Kernel-Boot,25,Información,32,2025-01-20 20:39:45,CamiloMM,NT AUTHORITY\SYSTEM,La directiva del menú de arranque fue 0x1.,25565
System,Microsoft-Windows-Kernel-Boot,238,Información,101,2025-01-20 20:39:45,CamiloMM,NT AUTHORITY\SYSTEM,Diferencia de zona horaria EFI: 2047. Marcas de verano: 0. Hora del firmware: ‎2025‎-‎01‎-‎20T20:39:43.000000000Z. ,25564
System,Microsoft-Windows-Kernel-Boot,247,Información,99,2025-01-20 20:39:45,CamiloMM,NT AUTHORITY\SYSTEM,"No se puede cargar el firmware de Pluton-Windows. StatusCode: STATUS_SUCCESS, Motivo: Failed to apply firmware.",25563
System,Microsoft-Windows-Kernel-Boot,20,Información,31,2025-01-20 20:39:45,CamiloMM,NT AUTHORITY\SYSTEM,El último estado correcto de apagado fue true. El último estado correcto de arranque fue true.,25562
System,Microsoft-Windows-Kernel-Boot,32,Información,58,2025-01-20 20:39:45,CamiloMM,NT AUTHORITY\SYSTEM,Bootmgr esperó la entrada del usuario durante 0 ms.,25561
System,Microsoft-Windows-Kernel-Boot,18,Información,57,2025-01-20 20:39:45,CamiloMM,NT AUTHORITY\SYSTEM,Existen 0x1 opciones de arranque en este sistema.,25560
System,Microsoft-Windows-Kernel-Boot,153,Información,62,2025-01-20 20:39:45,CamiloMM,NT AUTHORITY\SYSTEM,"La seguridad basada en virtualización (directivas: VBS Enabled,VSM Required,Hvci,Boot Chain Signer Soft Enforced) es enabled due to VBS registry configuration.",25559
System,Microsoft-Windows-Kernel-General,25,Información,12,2025-01-20 20:39:45,CamiloMM,NT AUTHORITY\SYSTEM,La hora del sistema se inicializó a ‎2025‎-‎01‎-‎21T01:39:44.500000000Z.   Hora del cargador: ‎2025‎-‎01‎-‎21T01:39:43.000000000Z Marcas de arranque internas: 0x2 código de error HAL RTC: 0x0 la hora RTC está en UTC: false Arranque flexible: false Correcto: true Fase: 0,25558
System,Microsoft-Windows-Kernel-General,12,Información,1,2025-01-20 20:39:45,CamiloMM,NT AUTHORITY\SYSTEM,El sistema operativo se inició a la hora del sistema ‎2025‎-‎01‎-‎21T01:39:44.500000000Z.,25557
System,Microsoft-Windows-Kernel-General,13,Información,2,2025-01-20 20:39:35,CamiloMM,,El sistema operativo se está cerrando a la hora del sistema ‎2025‎-‎01‎-‎21T01:39:35.992253200Z.,25556
System,Microsoft-Windows-Kernel-Power,577,Información,280,2025-01-20 20:39:35,CamiloMM,,El sistema se ha preparado para que el sistema inicie un reinicio desde Active.,25555
System,Microsoft-Windows-Kernel-Power,109,Información,103,2025-01-20 20:39:33,CamiloMM,NT AUTHORITY\SYSTEM,El administrador de energía del kernel ha iniciado una transición de apagado.  Acción: Power Action Reboot  Código de evento: 0x0  Motivo: Kernel API,25554
System,Microsoft-Windows-WLAN-AutoConfig,4001,Información,Ninguno,2025-01-20 20:39:33,CamiloMM,NT AUTHORITY\SYSTEM,El servicio de Configuración automática de WLAN se detuvo correctamente.,25553
System,Microsoft-Windows-WLAN-AutoConfig,10002,Advertencia,Ninguno,2025-01-20 20:39:33,CamiloMM,NT AUTHORITY\SYSTEM,Se detuvo el módulo de extensibilidad de WLAN.  Ruta de acceso del módulo: C:\WINDOWS\system32\IntelIHVRouter12.dll,25552
System,EventLog,6013,Información,Ninguno,2025-01-20 20:40:06,CamiloMM,,El tiempo límite del sistema es de 22 segundos.,25551
System,EventLog,6005,Información,Ninguno,2025-01-20 20:40:06,CamiloMM,,Se inició el servicio de Registro de eventos.,25550
System,EventLog,6009,Información,Ninguno,2025-01-20 20:40:06,CamiloMM,,Microsoft (R) Windows (R) 10.00. 26100  Multiprocessor Free.,25549
System,Microsoft-Windows-Dhcp-Client,50037,Información,Evento de estado de servicio,2025-01-20 20:39:32,CamiloMM,NT AUTHORITY\LOCAL SERVICE,Servicio cliente DHCPv4 detenido. Valor de la marca ShutDown: 1,25548
System,Microsoft-Windows-DeviceAssociationService,3503,Error,5000,2025-01-20 20:39:32,CamiloMM,NT AUTHORITY\SYSTEM,El servicio de asociación de dispositivos detectó un error de detección de puntos de conexión.,25547
System,Microsoft-Windows-Dhcp-Client,50106,Información,Evento de estado de servicio,2025-01-20 20:39:32,CamiloMM,NT AUTHORITY\LOCAL SERVICE,DHCPv4 está esperando a que se detenga el servicio DHCPv6,25546
System,Microsoft-Windows-DHCPv6-Client,51057,Información,Service State Event,2025-01-20 20:39:32,CamiloMM,NT AUTHORITY\LOCAL SERVICE,La parada del servicio del cliente DHCPv6 está casi lista. El recuento de referencia de contexto DHCP es 1,25545
System,Microsoft-Windows-DHCPv6-Client,51047,Información,Service State Event,2025-01-20 20:39:32,CamiloMM,NT AUTHORITY\LOCAL SERVICE,Servicio de cliente DHCPv6 detenido. El valor de la marca ShutDown es 1,25544
System,Microsoft-Windows-Dhcp-Client,50105,Información,Evento de estado de servicio,2025-01-20 20:39:32,CamiloMM,NT AUTHORITY\LOCAL SERVICE,El cliente DHCPv4 ProcessDHCPRequestForever recibió TERMINATE_EVENT,25543
System,Microsoft-Windows-Dhcp-Client,50104,Información,Evento de estado de servicio,2025-01-20 20:39:32,CamiloMM,NT AUTHORITY\LOCAL SERVICE,El cliente DHCPv4 recibió una notificación de apagado,25542
System,EventLog,6006,Información,Ninguno,2025-01-20 20:39:32,CamiloMM,,Se detuvo el servicio de Registro de eventos.,25541
System,Killer Network Service,0,Información,Ninguno,2025-01-20 20:39:32,CamiloMM,,Service stopped,25540
System,Microsoft-Windows-IsolatedUserMode,2,Información,Ninguno,2025-01-20 20:39:29,CamiloMM,NT AUTHORITY\LOCAL SERVICE,Secure Trustlet Id 6 and Pid 1396 stopped with status STATUS_SUCCESS.,25539
System,Microsoft-Windows-Winlogon,7002,Información,1102,2025-01-20 20:39:29,CamiloMM,NT AUTHORITY\SYSTEM,Notificación de cierre de sesión de usuario para el Programa para la mejora de la experiencia del usuario,25538
System,Killer Analytics Service,0,,Ninguno,2025-01-20 20:39:29,CamiloMM,,,25537
System,Killer Network Service,16,Información,Service State Event,2025-01-20 20:39:29,CamiloMM,,Service Stopping,25536
System,Killer Analytics Service,16,,1,2025-01-20 20:39:29,CamiloMM,,,25535
System,Microsoft-Windows-IsolatedUserMode,2,Información,Ninguno,2025-01-20 20:39:24,CamiloMM,CAMILOMM\monsa,Secure Trustlet Id 0 and Pid 0 stopped with status STATUS_SUCCESS.,25534
System,Microsoft-Windows-Kernel-General,1,Información,5,2025-01-20 20:38:48,CamiloMM,NT AUTHORITY\LOCAL SERVICE,La hora del sistema ha cambiado a ‎2025‎-‎01‎-‎21T01:38:48.177079500Z de ‎2025‎-‎01‎-‎21T01:38:48.176716600Z. Diferencia horaria: 0 ms  Motivo del cambio: An application or system component changed the time. Proceso: '\Device\HarddiskVolume3\Windows\System32\svchost.exe' (PID 9836).  Hora de RTC: ‎2025‎-‎01‎-‎20T20:38:48.177079500Z Diferencia de zona horaria actual: 300 hora RTC es UTC: false La hora del sistema se basaba en la hora RTC: false,25533
System,Microsoft-Windows-Kernel-General,24,Información,11,2025-01-20 20:38:48,CamiloMM,NT AUTHORITY\LOCAL SERVICE,La información de zona horaria se actualizó con el motivo de salida 0. La diferencia de zona horaria actual es 300.,25532
System,Microsoft-Windows-Time-Service,35,Información,Ninguno,2025-01-20 20:38:48,CamiloMM,NT AUTHORITY\LOCAL SERVICE,"El servicio de hora está sincronizando la hora del sistema con el origen de la hora time.windows.com,0x9 (ntp.m|0x9|0.0.0.0:123->40.119.6.228:123) con el id. de referencia 3825628968. El número de capa local actual es 4.",25531
System,Microsoft-Windows-Time-Service,37,Información,Ninguno,2025-01-20 20:38:48,CamiloMM,NT AUTHORITY\LOCAL SERVICE,"El proveedor de hora NtpClient está recibiendo datos de hora  válidos desde time.windows.com,0x9 (ntp.m|0x9|0.0.0.0:123->40.119.6.228:123).",25530
System,Microsoft-Windows-DistributedCOM,10016,Advertencia,Ninguno,2025-01-20 20:38:47,CamiloMM,CAMILOMM\monsa,La configuración de permisos específico de la aplicación no concede el permiso Activación Local para la aplicación de servidor COM con CLSID  {2593F8B9-4EAF-457C-B68A-50F6B8EA6B54}  y APPID  {15C20B67-12E7-4BB6-92BB-7AFF07997402}  al usuario CamiloMM\monsa con SID (S-1-5-21-854866677-1834114146-3748758031-1001) en la dirección LocalHost (con LRPC) que se ejecuta en el contenedor de aplicaciones con SID No disponible (No disponible). Este permiso de seguridad se puede modificar mediante la herramienta administrativa Servicios de componentes.,25529
System,Microsoft-Windows-IsolatedUserMode,5,Información,Ninguno,2025-01-20 20:38:45,CamiloMM,CAMILOMM\monsa,Secure Trustlet NULL Id 0 and Pid 0 started with status STATUS_SUCCESS.,25528
System,Microsoft-Windows-IsolatedUserMode,2,Información,Ninguno,2025-01-20 20:38:45,CamiloMM,CAMILOMM\monsa,Secure Trustlet Id 0 and Pid 0 stopped with status STATUS_SUCCESS.,25527
System,Service Control Manager,7040,Información,Ninguno,2025-01-20 19:36:44,CamiloMM,NT AUTHORITY\SYSTEM,El tipo de inicio del servicio Servicio de transferencia inteligente en segundo plano (BITS) se cambió de inicio automático a inicio por solicitud.,25526
System,Service Control Manager,7040,Información,Ninguno,2025-01-20 19:34:31,CamiloMM,NT AUTHORITY\SYSTEM,El tipo de inicio del servicio Servicio de transferencia inteligente en segundo plano (BITS) se cambió de inicio por solicitud a inicio automático.,25525
System,Service Control Manager,7040,Información,Ninguno,2025-01-20 19:08:29,CamiloMM,NT AUTHORITY\SYSTEM,El tipo de inicio del servicio Servicio de transferencia inteligente en segundo plano (BITS) se cambió de inicio automático a inicio por solicitud.,25524
System,Service Control Manager,7040,Información,Ninguno,2025-01-20 19:06:13,CamiloMM,NT AUTHORITY\SYSTEM,El tipo de inicio del servicio Servicio de transferencia inteligente en segundo plano (BITS) se cambió de inicio por solicitud a inicio automático.,25523
System,Service Control Manager,7040,Información,Ninguno,2025-01-20 19:05:33,CamiloMM,NT AUTHORITY\SYSTEM,El tipo de inicio del servicio Servicio de transferencia inteligente en segundo plano (BITS) se cambió de inicio automático a inicio por solicitud.,25522
System,Service Control Manager,7040,Información,Ninguno,2025-01-20 19:03:26,CamiloMM,NT AUTHORITY\SYSTEM,El tipo de inicio del servicio Servicio de transferencia inteligente en segundo plano (BITS) se cambió de inicio por solicitud a inicio automático.,25521
System,Microsoft-Windows-WindowsUpdateClient,44,Información,Agente de Windows Update,2025-01-20 18:37:10,CamiloMM,NT AUTHORITY\SYSTEM,Windows Update comenzó a descargar una actualización.,25520
System,Microsoft-Windows-WindowsUpdateClient,44,Información,Agente de Windows Update,2025-01-20 18:37:08,CamiloMM,NT AUTHORITY\SYSTEM,Windows Update comenzó a descargar una actualización.,25519
System,Microsoft-Windows-WindowsUpdateClient,44,Información,Agente de Windows Update,2025-01-20 18:37:03,CamiloMM,NT AUTHORITY\SYSTEM,Windows Update comenzó a descargar una actualización.,25518
System,Microsoft-Windows-WindowsUpdateClient,44,Información,Agente de Windows Update,2025-01-20 18:37:02,CamiloMM,NT AUTHORITY\SYSTEM,Windows Update comenzó a descargar una actualización.,25517
System,Microsoft-Windows-WindowsUpdateClient,44,Información,Agente de Windows Update,2025-01-20 18:37:02,CamiloMM,NT AUTHORITY\SYSTEM,Windows Update comenzó a descargar una actualización.,25516
System,Microsoft-Windows-WindowsUpdateClient,44,Información,Agente de Windows Update,2025-01-20 18:37:02,CamiloMM,NT AUTHORITY\SYSTEM,Windows Update comenzó a descargar una actualización.,25515
System,Microsoft-Windows-WindowsUpdateClient,44,Información,Agente de Windows Update,2025-01-20 18:37:02,CamiloMM,NT AUTHORITY\SYSTEM,Windows Update comenzó a descargar una actualización.,25514
System,Microsoft-Windows-WindowsUpdateClient,44,Información,Agente de Windows Update,2025-01-20 18:37:02,CamiloMM,NT AUTHORITY\SYSTEM,Windows Update comenzó a descargar una actualización.,25513
System,Microsoft-Windows-WindowsUpdateClient,44,Información,Agente de Windows Update,2025-01-20 18:37:02,CamiloMM,NT AUTHORITY\SYSTEM,Windows Update comenzó a descargar una actualización.,25512
System,Microsoft-Windows-WindowsUpdateClient,44,Información,Agente de Windows Update,2025-01-20 18:37:02,CamiloMM,NT AUTHORITY\SYSTEM,Windows Update comenzó a descargar una actualización.,25511
System,Microsoft-Windows-WindowsUpdateClient,44,Información,Agente de Windows Update,2025-01-20 18:37:02,CamiloMM,NT AUTHORITY\SYSTEM,Windows Update comenzó a descargar una actualización.,25510
System,Service Control Manager,7040,Información,Ninguno,2025-01-20 18:28:06,CamiloMM,NT AUTHORITY\SYSTEM,El tipo de inicio del servicio Servicio de transferencia inteligente en segundo plano (BITS) se cambió de inicio automático a inicio por solicitud.,25509
System,Service Control Manager,7040,Información,Ninguno,2025-01-20 18:25:52,CamiloMM,NT AUTHORITY\SYSTEM,El tipo de inicio del servicio Servicio de transferencia inteligente en segundo plano (BITS) se cambió de inicio por solicitud a inicio automático.,25508
System,Service Control Manager,7040,Información,Ninguno,2025-01-20 18:13:27,CamiloMM,NT AUTHORITY\SYSTEM,El tipo de inicio del servicio Servicio de transferencia inteligente en segundo plano (BITS) se cambió de inicio automático a inicio por solicitud.,25507
System,Service Control Manager,7040,Información,Ninguno,2025-01-20 18:11:22,CamiloMM,NT AUTHORITY\SYSTEM,El tipo de inicio del servicio Servicio de transferencia inteligente en segundo plano (BITS) se cambió de inicio por solicitud a inicio automático.,25506
System,Service Control Manager,7040,Información,Ninguno,2025-01-20 18:03:37,CamiloMM,NT AUTHORITY\SYSTEM,El tipo de inicio del servicio Servicio de transferencia inteligente en segundo plano (BITS) se cambió de inicio automático a inicio por solicitud.,25505
System,Service Control Manager,7040,Información,Ninguno,2025-01-20 18:01:14,CamiloMM,NT AUTHORITY\SYSTEM,El tipo de inicio del servicio Servicio de transferencia inteligente en segundo plano (BITS) se cambió de inicio por solicitud a inicio automático.,25504
System,Microsoft-Windows-UserModePowerService,12,Información,10,2025-01-20 17:53:14,CamiloMM,NT AUTHORITY\SYSTEM,El proceso C:\Program Files\Acer\Quick Access Service\QAAdminAgent.exe (identificador de proceso:13752) restableció el esquema de directivas de {0d146388-1f05-4da1-81ad-20c9fcdd6e60} a {0d146388-1f05-4da1-81ad-20c9fcdd6e60},25503
System,Microsoft-Windows-Kernel-Power,566,Información,268,2025-01-20 17:53:14,CamiloMM,NT AUTHORITY\SYSTEM,La sesión del sistema ha cambiado de 30 a 32.  Motivo InputAccelerometer   BootId: 45,25502
System,Microsoft-Windows-UserModePowerService,12,Información,10,2025-01-20 17:52:30,CamiloMM,NT AUTHORITY\SYSTEM,El proceso C:\Program Files\Acer\Quick Access Service\QAAdminAgent.exe (identificador de proceso:13752) restableció el esquema de directivas de {0d146388-1f05-4da1-81ad-20c9fcdd6e60} a {0d146388-1f05-4da1-81ad-20c9fcdd6e60},25501
System,Microsoft-Windows-Kernel-Power,566,Información,268,2025-01-20 17:52:00,CamiloMM,NT AUTHORITY\SYSTEM,La sesión del sistema ha cambiado de 29 a 30.  Motivo SessionUnlock   BootId: 45,25500
System,Microsoft-Windows-DNS-Client,1014,Advertencia,1014,2025-01-20 17:42:56,CamiloMM,NT AUTHORITY\NETWORK SERVICE,La resolución de nombres para el nombre t-ring-fdv2.msedge.net agotó el tiempo de espera después de que ninguno de los servidores DNS configurados respondiera. PID de cliente 15532.,25499
System,Tcpip,4266,Advertencia,Ninguno,2025-01-20 17:39:19,CamiloMM,,Error en una solicitud para asignar un número de puerto efímero del espacio de puertos UDP global porque todos los puertos están en uso.,25498
System,Service Control Manager,7040,Información,Ninguno,2025-01-20 17:19:35,CamiloMM,NT AUTHORITY\SYSTEM,El tipo de inicio del servicio Servicio de transferencia inteligente en segundo plano (BITS) se cambió de inicio automático a inicio por solicitud.,25497
System,Microsoft-Windows-WindowsUpdateClient,19,Información,Agente de Windows Update,2025-01-20 17:19:30,CamiloMM,NT AUTHORITY\SYSTEM,Instalación correcta: Windows instaló correctamente la siguiente actualización: Actualización de inteligencia de seguridad para Microsoft Defender Antivirus - KB2267602 (versión 1.421.1461.0) - Canal actual (ampliado),25496
System,Service Control Manager,7045,Información,Ninguno,2025-01-20 17:19:30,CamiloMM,NT AUTHORITY\SYSTEM,Se instaló un servicio en el sistema.  Nombre del servicio:  MpKsla8ce7469 Nombre del archivo del servicio:  C:\ProgramData\Microsoft\Windows Defender\Definition Updates\{7A674EB9-A3C8-4D2D-AC09-30100BF6FA2C}\MpKslDrv.sys Tipo de servicio:  controlador de modo kernel Tipo de inicio de servicio:  inicio por solicitud Cuenta de servicio:  ,25495
System,Microsoft-Windows-WindowsUpdateClient,43,Información,Agente de Windows Update,2025-01-20 17:19:22,CamiloMM,NT AUTHORITY\SYSTEM,Instalación iniciada: Windows comenzó a instalar la actualización siguiente: Actualización de inteligencia de seguridad para Microsoft Defender Antivirus - KB2267602 (versión 1.421.1461.0) - Canal actual (ampliado),25494
System,Microsoft-Windows-WindowsUpdateClient,44,Información,Agente de Windows Update,2025-01-20 17:19:22,CamiloMM,NT AUTHORITY\SYSTEM,Windows Update comenzó a descargar una actualización.,25493
System,Service Control Manager,7040,Información,Ninguno,2025-01-20 17:17:30,CamiloMM,NT AUTHORITY\SYSTEM,El tipo de inicio del servicio Servicio de transferencia inteligente en segundo plano (BITS) se cambió de inicio por solicitud a inicio automático.,25492
System,Microsoft-Windows-Kernel-Processor-Power,37,Advertencia,7,2025-01-20 17:00:04,CamiloMM,NT AUTHORITY\SYSTEM,La velocidad del procesador 11 del grupo 0 está limitada por el firmware del sistema. El procesador ha mostrado este estado de rendimiento reducido durante 415451 segundos desde el último informe.,25491
System,Microsoft-Windows-Kernel-General,16,Información,Ninguno,2025-01-20 16:51:36,CamiloMM,NT AUTHORITY\SYSTEM,El historial de accesos en el subárbol \??\C:\Users\monsa\AppData\Local\Packages\Microsoft.Windows.ContentDeliveryManager_cw5n1h2txyewy\Settings\settings.dat se borró mediante la actualización de 1376 claves y la creación de 133 páginas modificadas.,25490
System,Microsoft-Windows-DistributedCOM,10016,Advertencia,Ninguno,2025-01-20 15:01:14,CamiloMM,CAMILOMM\monsa,La configuración de permisos específico de la aplicación no concede el permiso Activación Local para la aplicación de servidor COM con CLSID  {2593F8B9-4EAF-457C-B68A-50F6B8EA6B54}  y APPID  {15C20B67-12E7-4BB6-92BB-7AFF07997402}  al usuario CamiloMM\monsa con SID (S-1-5-21-854866677-1834114146-3748758031-1001) en la dirección LocalHost (con LRPC) que se ejecuta en el contenedor de aplicaciones con SID No disponible (No disponible). Este permiso de seguridad se puede modificar mediante la herramienta administrativa Servicios de componentes.,25489
System,Microsoft-Windows-DistributedCOM,10016,Advertencia,Ninguno,2025-01-20 14:33:33,CamiloMM,CAMILOMM\monsa,La configuración de permisos específico de la aplicación no concede el permiso Activación Local para la aplicación de servidor COM con CLSID  {2593F8B9-4EAF-457C-B68A-50F6B8EA6B54}  y APPID  {15C20B67-12E7-4BB6-92BB-7AFF07997402}  al usuario CamiloMM\monsa con SID (S-1-5-21-854866677-1834114146-3748758031-1001) en la dirección LocalHost (con LRPC) que se ejecuta en el contenedor de aplicaciones con SID TheBrowserCompany.Arc_1.37.0.5788_x64__ttt1ap7aakyb4 (No disponible). Este permiso de seguridad se puede modificar mediante la herramienta administrativa Servicios de componentes.,25488
System,Microsoft-Windows-DistributedCOM,10016,Advertencia,Ninguno,2025-01-20 14:09:52,CamiloMM,CAMILOMM\monsa,La configuración de permisos específico de la aplicación no concede el permiso Activación Local para la aplicación de servidor COM con CLSID  {2593F8B9-4EAF-457C-B68A-50F6B8EA6B54}  y APPID  {15C20B67-12E7-4BB6-92BB-7AFF07997402}  al usuario CamiloMM\monsa con SID (S-1-5-21-854866677-1834114146-3748758031-1001) en la dirección LocalHost (con LRPC) que se ejecuta en el contenedor de aplicaciones con SID No disponible (No disponible). Este permiso de seguridad se puede modificar mediante la herramienta administrativa Servicios de componentes.,25487
System,Service Control Manager,7040,Información,Ninguno,2025-01-20 14:08:41,CamiloMM,NT AUTHORITY\SYSTEM,El tipo de inicio del servicio Servicio de transferencia inteligente en segundo plano (BITS) se cambió de inicio automático a inicio por solicitud.,25486
System,Service Control Manager,7040,Información,Ninguno,2025-01-20 14:06:13,CamiloMM,NT AUTHORITY\SYSTEM,El tipo de inicio del servicio Servicio de transferencia inteligente en segundo plano (BITS) se cambió de inicio por solicitud a inicio automático.,25485
System,Microsoft-Windows-DistributedCOM,10016,Advertencia,Ninguno,2025-01-20 14:06:06,CamiloMM,CAMILOMM\monsa,La configuración de permisos específico de la aplicación no concede el permiso Activación Local para la aplicación de servidor COM con CLSID  {2593F8B9-4EAF-457C-B68A-50F6B8EA6B54}  y APPID  {15C20B67-12E7-4BB6-92BB-7AFF07997402}  al usuario CamiloMM\monsa con SID (S-1-5-21-854866677-1834114146-3748758031-1001) en la dirección LocalHost (con LRPC) que se ejecuta en el contenedor de aplicaciones con SID SpotifyAB.SpotifyMusic_1.255.235.0_x64__zpdnekdrzrea0 (No disponible). Este permiso de seguridad se puede modificar mediante la herramienta administrativa Servicios de componentes.,25484
System,Service Control Manager,7040,Información,Ninguno,2025-01-20 14:02:55,CamiloMM,NT AUTHORITY\SYSTEM,El tipo de inicio del servicio Servicio de transferencia inteligente en segundo plano (BITS) se cambió de inicio automático a inicio por solicitud.,25483
System,Service Control Manager,7040,Información,Ninguno,2025-01-20 14:00:31,CamiloMM,NT AUTHORITY\SYSTEM,El tipo de inicio del servicio Servicio de transferencia inteligente en segundo plano (BITS) se cambió de inicio por solicitud a inicio automático.,25482
System,Microsoft-Windows-DistributedCOM,10016,Advertencia,Ninguno,2025-01-20 13:59:31,CamiloMM,CAMILOMM\monsa,La configuración de permisos específico de la aplicación no concede el permiso Activación Local para la aplicación de servidor COM con CLSID  {2593F8B9-4EAF-457C-B68A-50F6B8EA6B54}  y APPID  {15C20B67-12E7-4BB6-92BB-7AFF07997402}  al usuario CamiloMM\monsa con SID (S-1-5-21-854866677-1834114146-3748758031-1001) en la dirección LocalHost (con LRPC) que se ejecuta en el contenedor de aplicaciones con SID No disponible (No disponible). Este permiso de seguridad se puede modificar mediante la herramienta administrativa Servicios de componentes.,25481
System,Microsoft-Windows-IsolatedUserMode,5,Información,Ninguno,2025-01-20 13:59:30,CamiloMM,CAMILOMM\monsa,Secure Trustlet NULL Id 0 and Pid 0 started with status STATUS_SUCCESS.,25480
System,Netwtw12,7021,Información,Ninguno,2025-01-20 13:36:31,CamiloMM,,7021 - Connection telemetry fields and analysis usage,25479
System,Microsoft-Windows-Kernel-Power,566,Información,268,2025-01-20 13:36:30,CamiloMM,NT AUTHORITY\SYSTEM,La sesión del sistema ha cambiado de 27 a 29.  Motivo InputHid   BootId: 45,25478
System,Microsoft-Windows-Power-Troubleshooter,1,Información,Ninguno,2025-01-20 13:36:30,CamiloMM,NT AUTHORITY\LOCAL SERVICE,El sistema estaba en un estado de baja energía y se reanudó.  Hora de suspensión: ‎2025‎-‎01‎-‎20T18:01:32.764886400Z Hora de reactivación: ‎2025‎-‎01‎-‎20T18:36:29.065285700Z  Origen de la reactivación: Device -Intel(R) USB 3.10 eXtensible Host Controller - 1.20 (Microsoft),25477
System,Microsoft-Windows-UserModePowerService,12,Información,10,2025-01-20 13:36:29,CamiloMM,NT AUTHORITY\SYSTEM,El proceso C:\Program Files\Acer\Quick Access Service\QAAdminAgent.exe (identificador de proceso:13752) restableció el esquema de directivas de {0d146388-1f05-4da1-81ad-20c9fcdd6e60} a {0d146388-1f05-4da1-81ad-20c9fcdd6e60},25476
System,Microsoft-Windows-Kernel-Power,566,Información,268,2025-01-20 13:36:28,CamiloMM,,La sesión del sistema ha cambiado de 26 a 27.  Motivo SxTransition   BootId: 45,25475
System,BTHUSB,18,Información,Ninguno,2025-01-20 13:36:28,CamiloMM,,Windows no puede almacenar códigos de autenticación de Bluetooth (claves de vínculo) en el adaptador local. Puede que los teclados Bluetooth no funcionen en el BIOS del sistema durante el inicio.,25474
System,Intel-SST-OED,28,Información,This task logs error codes to system event log.,2025-01-20 13:36:28,CamiloMM,,"Loaded DSP FW library: Libs\dsp_lib_whm_adl_release.bin, status = STATUS_SUCCESS.",25473
System,Intel-SST-OED,28,Información,This task logs error codes to system event log.,2025-01-20 13:36:28,CamiloMM,,"Loaded DSP FW library: Libs\dsp_lib_whm_adl_release.bin, status = STATUS_SUCCESS.",25472
System,Intel-SST-OED,28,Información,This task logs error codes to system event log.,2025-01-20 13:36:28,CamiloMM,,"Loaded DSP FW library: Libs\dsp_lib_intel_wov_adl_release.bin, status = STATUS_SUCCESS.",25471
System,Netwtw12,7025,Información,Ninguno,2025-01-20 13:36:28,CamiloMM,,7025 - Dump after return from D3 before cmd ,25470
System,Microsoft-Windows-Kernel-Power,130,Información,33,2025-01-20 13:36:27,CamiloMM,,"Horas de S3 de firmware. SuspendStart: 74452106, SuspendEnd: 74452111",25469
System,Microsoft-Windows-Kernel-Power,131,Información,33,2025-01-20 13:36:27,CamiloMM,,"Horas de S3 de firmware. ResumeCount: 1, FullResume: 1866, AverageResume: 1866",25468
System,Microsoft-Windows-Kernel-General,1,Información,5,2025-01-20 13:36:27,CamiloMM,,La hora del sistema ha cambiado a ‎2025‎-‎01‎-‎20T18:36:27.500000000Z de ‎2025‎-‎01‎-‎20T18:01:41.070869500Z. Diferencia horaria: 2086429 ms  Motivo del cambio: System time synchronized with the hardware clock. Proceso: '' (PID 4).  Hora de RTC: ‎2025‎-‎01‎-‎20T13:36:27.500000000Z Diferencia de zona horaria actual: 300 hora RTC es UTC: false La hora del sistema se basaba en la hora RTC: false,25467
System,Microsoft-Windows-Kernel-Power,107,Información,102,2025-01-20 13:01:41,CamiloMM,,El sistema se reanudó del estado de suspensión.,25466
System,Microsoft-Windows-Kernel-Power,42,Información,64,2025-01-20 13:01:39,CamiloMM,,El sistema está entrando en suspensión.  Motivo de la suspensión: System Idle,25465
System,Microsoft-Windows-Kernel-Power,40,Información,36,2025-01-20 13:01:39,CamiloMM,,El controlador \Driver\ACPI del dispositivo  detuvo la transición de energía.,25464
System,Microsoft-Windows-Kernel-Power,40,Información,36,2025-01-20 13:01:39,CamiloMM,,El controlador \Driver\ACPI del dispositivo  detuvo la transición de energía.,25463
System,Microsoft-Windows-Kernel-Power,40,Información,36,2025-01-20 13:01:39,CamiloMM,,El controlador \Driver\ACPI del dispositivo  detuvo la transición de energía.,25462
System,Microsoft-Windows-Kernel-Power,40,Información,36,2025-01-20 13:01:39,CamiloMM,,El controlador \Driver\ACPI del dispositivo  detuvo la transición de energía.,25461
System,Microsoft-Windows-UserModePowerService,12,Información,10,2025-01-20 13:01:38,CamiloMM,NT AUTHORITY\SYSTEM,El proceso C:\Program Files\Acer\Quick Access Service\QAAdminAgent.exe (identificador de proceso:13752) restableció el esquema de directivas de {0d146388-1f05-4da1-81ad-20c9fcdd6e60} a {0d146388-1f05-4da1-81ad-20c9fcdd6e60},25460
System,Microsoft-Windows-Kernel-Power,566,Información,268,2025-01-20 13:01:32,CamiloMM,NT AUTHORITY\SYSTEM,La sesión del sistema ha cambiado de 24 a 26.  Motivo SxTransition   BootId: 45,25459
System,Microsoft-Windows-Time-Service,158,Información,Ninguno,2025-01-20 12:41:12,CamiloMM,NT AUTHORITY\LOCAL SERVICE,El proveedor de hora 'VMICTimeProvider' ha indicado que el hardware y el entorno operativo actuales no son compatibles y se ha detenido. Este es un comportamiento esperado para VMICTimeProvider en entornos que no son invitados de HyperV. Este también podría ser el comportamiento esperado de este proveedor en el entorno operativo actual.,25458
System,Microsoft-Windows-UserModePowerService,12,Información,10,2025-01-20 12:33:55,CamiloMM,NT AUTHORITY\SYSTEM,El proceso C:\Program Files\Acer\Quick Access Service\QAAdminAgent.exe (identificador de proceso:13752) restableció el esquema de directivas de {0d146388-1f05-4da1-81ad-20c9fcdd6e60} a {0d146388-1f05-4da1-81ad-20c9fcdd6e60},25457
System,Microsoft-Windows-Kernel-Power,566,Información,268,2025-01-20 12:33:25,CamiloMM,NT AUTHORITY\SYSTEM,La sesión del sistema ha cambiado de 23 a 24.  Motivo SessionUnlock   BootId: 45,25456
System,Microsoft-Windows-UserModePowerService,12,Información,10,2025-01-20 12:31:24,CamiloMM,NT AUTHORITY\SYSTEM,El proceso C:\Program Files\Acer\Quick Access Service\QAAdminAgent.exe (identificador de proceso:13752) restableció el esquema de directivas de {0d146388-1f05-4da1-81ad-20c9fcdd6e60} a {0d146388-1f05-4da1-81ad-20c9fcdd6e60},25455
System,Microsoft-Windows-Kernel-Power,566,Información,268,2025-01-20 12:31:24,CamiloMM,NT AUTHORITY\SYSTEM,La sesión del sistema ha cambiado de 21 a 23.  Motivo InputHid   BootId: 45,25454
System,Microsoft-Windows-UserModePowerService,12,Información,10,2025-01-20 12:28:49,CamiloMM,NT AUTHORITY\SYSTEM,El proceso C:\Program Files\Acer\Quick Access Service\QAAdminAgent.exe (identificador de proceso:13752) restableció el esquema de directivas de {0d146388-1f05-4da1-81ad-20c9fcdd6e60} a {0d146388-1f05-4da1-81ad-20c9fcdd6e60},25453
System,Microsoft-Windows-Kernel-Power,566,Información,268,2025-01-20 12:28:19,CamiloMM,NT AUTHORITY\SYSTEM,La sesión del sistema ha cambiado de 20 a 21.  Motivo SessionUnlock   BootId: 45,25452
System,Microsoft-Windows-Time-Service,158,Información,Ninguno,2025-01-20 12:24:07,CamiloMM,NT AUTHORITY\LOCAL SERVICE,El proveedor de hora 'VMICTimeProvider' ha indicado que el hardware y el entorno operativo actuales no son compatibles y se ha detenido. Este es un comportamiento esperado para VMICTimeProvider en entornos que no son invitados de HyperV. Este también podría ser el comportamiento esperado de este proveedor en el entorno operativo actual.,25451
System,Microsoft-Windows-Time-Service,158,Información,Ninguno,2025-01-20 12:07:03,CamiloMM,NT AUTHORITY\LOCAL SERVICE,El proveedor de hora 'VMICTimeProvider' ha indicado que el hardware y el entorno operativo actuales no son compatibles y se ha detenido. Este es un comportamiento esperado para VMICTimeProvider en entornos que no son invitados de HyperV. Este también podría ser el comportamiento esperado de este proveedor en el entorno operativo actual.,25450
System,EventLog,6013,Información,Ninguno,2025-01-20 12:00:00,CamiloMM,,El tiempo límite del sistema es de 397540 segundos.,25449
System,Microsoft-Windows-Time-Service,158,Información,Ninguno,2025-01-20 11:49:59,CamiloMM,NT AUTHORITY\LOCAL SERVICE,El proveedor de hora 'VMICTimeProvider' ha indicado que el hardware y el entorno operativo actuales no son compatibles y se ha detenido. Este es un comportamiento esperado para VMICTimeProvider en entornos que no son invitados de HyperV. Este también podría ser el comportamiento esperado de este proveedor en el entorno operativo actual.,25448
System,Microsoft-Windows-Kernel-General,15,Información,10,2025-01-20 11:39:29,CamiloMM,NT AUTHORITY\SYSTEM,El subárbol \??\Volume{528b8992-ac04-4a97-838a-50614ce1e8b5}\System Volume Information\SPP\SppCbsHiveStore\{cd42efe1-f6f1-427c-b004-033192c625a4}{3D78414A-033F-449A-A220-AD9B822A260E} se reorganizó con un tamaño inicial de 150478848 bytes y un tamaño final de 141373440 bytes.,25447
System,Microsoft-Windows-Kernel-General,16,Información,Ninguno,2025-01-20 11:39:24,CamiloMM,NT AUTHORITY\SYSTEM,El historial de accesos en el subárbol \??\Volume{528b8992-ac04-4a97-838a-50614ce1e8b5}\System Volume Information\SPP\SppCbsHiveStore\{cd42efe1-f6f1-427c-b004-033192c625a4}{5941F915-DE19-4EDE-9125-333457F3BF65} se borró mediante la actualización de 876 claves y la creación de 142 páginas modificadas.,25446
System,Microsoft-Windows-Kernel-General,16,Información,Ninguno,2025-01-20 11:39:24,CamiloMM,NT AUTHORITY\SYSTEM,El historial de accesos en el subárbol \??\Volume{528b8992-ac04-4a97-838a-50614ce1e8b5}\System Volume Information\SPP\SppCbsHiveStore\{cd42efe1-f6f1-427c-b004-033192c625a4}{62825727-CEC4-4AFB-9F24-F99093AF9E3B} se borró mediante la actualización de 86 claves y la creación de 4 páginas modificadas.,25445
System,Microsoft-Windows-Kernel-General,16,Información,Ninguno,2025-01-20 11:39:23,CamiloMM,NT AUTHORITY\SYSTEM,El historial de accesos en el subárbol \??\Volume{528b8992-ac04-4a97-838a-50614ce1e8b5}\System Volume Information\SPP\SppCbsHiveStore\{cd42efe1-f6f1-427c-b004-033192c625a4}{716B7326-7260-43F3-B808-0482A9174323} se borró mediante la actualización de 57 claves y la creación de 7 páginas modificadas.,25444
System,Microsoft-Windows-Kernel-General,15,Información,10,2025-01-20 11:39:23,CamiloMM,NT AUTHORITY\SYSTEM,El subárbol \??\Volume{528b8992-ac04-4a97-838a-50614ce1e8b5}\System Volume Information\SPP\SppCbsHiveStore\{cd42efe1-f6f1-427c-b004-033192c625a4}{0EA503AF-9361-4319-8715-286AD9F8978B} se reorganizó con un tamaño inicial de 24952832 bytes y un tamaño final de 24829952 bytes.,25443
System,Microsoft-Windows-Kernel-General,11,Información,Ninguno,2025-01-20 11:39:15,CamiloMM,NT AUTHORITY\SYSTEM,"La fase inicial de TxR para el subárbol \??\GLOBALROOT\Device\HarddiskVolumeShadowCopy6\WINDOWS\System32\config\DRIVERS (TM: {407182c5-d6ab-11ef-9a36-a4f933a9956f}, RM: {407182c4-d6ab-11ef-9a36-a4f933a9956f}) finalizó con el resultado=0xC00000A2 (Código interno=7).",25442
System,Microsoft-Windows-Kernel-General,11,Información,Ninguno,2025-01-20 11:39:15,CamiloMM,NT AUTHORITY\SYSTEM,"La fase inicial de TxR para el subárbol \??\GLOBALROOT\Device\HarddiskVolumeShadowCopy6\WINDOWS\System32\config\SYSTEM (TM: {407182c2-d6ab-11ef-9a36-a4f933a9956f}, RM: {407182c1-d6ab-11ef-9a36-a4f933a9956f}) finalizó con el resultado=0xC00000A2 (Código interno=7).",25441
System,Microsoft-Windows-Kernel-General,15,Información,10,2025-01-20 11:39:15,CamiloMM,NT AUTHORITY\SYSTEM,El subárbol \??\GLOBALROOT\Device\HarddiskVolumeShadowCopy6\WINDOWS\System32\config\SYSTEM se reorganizó con un tamaño inicial de 24952832 bytes y un tamaño final de 24829952 bytes.,25440
System,Microsoft-Windows-WindowsUpdateClient,19,Información,Agente de Windows Update,2025-01-20 11:35:01,CamiloMM,NT AUTHORITY\SYSTEM,Instalación correcta: Windows instaló correctamente la siguiente actualización: 9NFTCH6J7FHV-Microsoft.PowerAutomateDesktop,25439
System,Microsoft-Windows-Kernel-General,16,Información,Ninguno,2025-01-20 11:35:00,CamiloMM,CAMILOMM\monsa,El historial de accesos en el subárbol \??\C:\Users\monsa\AppData\Local\Packages\Microsoft.PowerAutomateDesktop_8wekyb3d8bbwe\Settings\settings.dat se borró mediante la actualización de 1 claves y la creación de 1 páginas modificadas.,25438
System,Microsoft-Windows-WindowsUpdateClient,43,Información,Agente de Windows Update,2025-01-20 11:35:00,CamiloMM,NT AUTHORITY\SYSTEM,Instalación iniciada: Windows comenzó a instalar la actualización siguiente: 9NFTCH6J7FHV-Microsoft.PowerAutomateDesktop,25437
System,Microsoft-Windows-WindowsUpdateClient,19,Información,Agente de Windows Update,2025-01-20 11:33:50,CamiloMM,NT AUTHORITY\SYSTEM,Instalación correcta: Windows instaló correctamente la siguiente actualización: 9WZDNCRFHVQM-MICROSOFT.WINDOWSCOMMUNICATIONSAPPS,25436
System,Microsoft-Windows-WindowsUpdateClient,43,Información,Agente de Windows Update,2025-01-20 11:33:46,CamiloMM,NT AUTHORITY\SYSTEM,Instalación iniciada: Windows comenzó a instalar la actualización siguiente: 9WZDNCRFHVQM-MICROSOFT.WINDOWSCOMMUNICATIONSAPPS,25435
System,Microsoft-Windows-Ntfs,98,Información,Ninguno,2025-01-20 11:33:46,CamiloMM,NT AUTHORITY\SYSTEM,Volumen Acer (\Device\HarddiskVolumeShadowCopy6) es correcto. No se requiere ninguna acción.,25434
System,Microsoft-Windows-WindowsUpdateClient,44,Información,Agente de Windows Update,2025-01-20 11:33:42,CamiloMM,NT AUTHORITY\SYSTEM,Windows Update comenzó a descargar una actualización.,25433
System,Volsnap,33,Información,Ninguno,2025-01-20 11:33:13,CamiloMM,,Se eliminó la instantánea más antigua del volumen C: para que el uso de espacio en disco del volumen de instantáneas C: no sobrepasara el límite definido por el usuario.,25432
System,Microsoft-Windows-Kernel-General,16,Información,Ninguno,2025-01-20 11:33:08,CamiloMM,NT AUTHORITY\SYSTEM,El historial de accesos en el subárbol \??\C:\ProgramData\Microsoft\Windows\AppRepository\Packages\microsoft.windowscommunicationsapps_16005.14326.22115.0_x64__8wekyb3d8bbwe\ActivationStore.dat se borró mediante la actualización de 0 claves y la creación de 0 páginas modificadas.,25431
System,Microsoft-Windows-Ntfs,98,Información,Ninguno,2025-01-20 11:32:52,CamiloMM,NT AUTHORITY\SYSTEM,Volumen Acer (\Device\HarddiskVolumeShadowCopy5) es correcto. No se requiere ninguna acción.,25430
System,Microsoft-Windows-WindowsUpdateClient,44,Información,Agente de Windows Update,2025-01-20 11:32:51,CamiloMM,NT AUTHORITY\SYSTEM,Windows Update comenzó a descargar una actualización.,25429
System,Microsoft-Windows-WindowsUpdateClient,44,Información,Agente de Windows Update,2025-01-20 11:32:51,CamiloMM,NT AUTHORITY\SYSTEM,Windows Update comenzó a descargar una actualización.,25428
System,Microsoft-Windows-WindowsUpdateClient,44,Información,Agente de Windows Update,2025-01-20 11:32:50,CamiloMM,NT AUTHORITY\SYSTEM,Windows Update comenzó a descargar una actualización.,25427
System,Microsoft-Windows-WindowsUpdateClient,44,Información,Agente de Windows Update,2025-01-20 11:32:50,CamiloMM,NT AUTHORITY\SYSTEM,Windows Update comenzó a descargar una actualización.,25426
System,Microsoft-Windows-WindowsUpdateClient,44,Información,Agente de Windows Update,2025-01-20 11:32:44,CamiloMM,NT AUTHORITY\SYSTEM,Windows Update comenzó a descargar una actualización.,25425
System,Microsoft-Windows-WindowsUpdateClient,44,Información,Agente de Windows Update,2025-01-20 11:32:44,CamiloMM,NT AUTHORITY\SYSTEM,Windows Update comenzó a descargar una actualización.,25424
System,Microsoft-Windows-WindowsUpdateClient,44,Información,Agente de Windows Update,2025-01-20 11:32:44,CamiloMM,NT AUTHORITY\SYSTEM,Windows Update comenzó a descargar una actualización.,25423
System,Microsoft-Windows-WindowsUpdateClient,44,Información,Agente de Windows Update,2025-01-20 11:32:44,CamiloMM,NT AUTHORITY\SYSTEM,Windows Update comenzó a descargar una actualización.,25422
System,Microsoft-Windows-Time-Service,37,Información,Ninguno,2025-01-20 11:32:40,CamiloMM,NT AUTHORITY\LOCAL SERVICE,"El proveedor de hora NtpClient está recibiendo datos de hora  válidos desde time.windows.com,0x9 (ntp.m|0x9|0.0.0.0:123->40.119.6.228:123).",25421
System,Microsoft-Windows-Time-Service,158,Información,Ninguno,2025-01-20 11:32:39,CamiloMM,NT AUTHORITY\LOCAL SERVICE,El proveedor de hora 'VMICTimeProvider' ha indicado que el hardware y el entorno operativo actuales no son compatibles y se ha detenido. Este es un comportamiento esperado para VMICTimeProvider en entornos que no son invitados de HyperV. Este también podría ser el comportamiento esperado de este proveedor en el entorno operativo actual.,25420
System,Service Control Manager,7040,Información,Ninguno,2025-01-20 11:24:49,CamiloMM,NT AUTHORITY\SYSTEM,El tipo de inicio del servicio Servicio de transferencia inteligente en segundo plano (BITS) se cambió de inicio automático a inicio por solicitud.,25419
System,Service Control Manager,7040,Información,Ninguno,2025-01-20 11:22:44,CamiloMM,NT AUTHORITY\SYSTEM,El tipo de inicio del servicio Servicio de transferencia inteligente en segundo plano (BITS) se cambió de inicio por solicitud a inicio automático.,25418
System,Microsoft-Windows-WindowsUpdateClient,19,Información,Agente de Windows Update,2025-01-20 11:14:26,CamiloMM,NT AUTHORITY\SYSTEM,Instalación correcta: Windows instaló correctamente la siguiente actualización: Actualización de inteligencia de seguridad para Microsoft Defender Antivirus - KB2267602 (versión 1.421.1455.0) - Canal actual (ampliado),25417
System,Service Control Manager,7045,Información,Ninguno,2025-01-20 11:14:26,CamiloMM,NT AUTHORITY\SYSTEM,Se instaló un servicio en el sistema.  Nombre del servicio:  MpKsl530c521b Nombre del archivo del servicio:  C:\ProgramData\Microsoft\Windows Defender\Definition Updates\{2B6B5D00-D53E-4A7B-BD3E-39195727A28A}\MpKslDrv.sys Tipo de servicio:  controlador de modo kernel Tipo de inicio de servicio:  inicio por solicitud Cuenta de servicio:  ,25416
System,Microsoft-Windows-WindowsUpdateClient,43,Información,Agente de Windows Update,2025-01-20 11:14:18,CamiloMM,NT AUTHORITY\SYSTEM,Instalación iniciada: Windows comenzó a instalar la actualización siguiente: Actualización de inteligencia de seguridad para Microsoft Defender Antivirus - KB2267602 (versión 1.421.1455.0) - Canal actual (ampliado),25415
System,Microsoft-Windows-WindowsUpdateClient,44,Información,Agente de Windows Update,2025-01-20 11:14:18,CamiloMM,NT AUTHORITY\SYSTEM,Windows Update comenzó a descargar una actualización.,25414
System,Microsoft-Windows-Kernel-Power,105,Información,100,2025-01-20 11:13:52,CamiloMM,NT AUTHORITY\SYSTEM,Cambio de fuente de energía.,25413
System,Service Control Manager,7040,Información,Ninguno,2025-01-20 10:58:44,CamiloMM,NT AUTHORITY\SYSTEM,El tipo de inicio del servicio Servicio de transferencia inteligente en segundo plano (BITS) se cambió de inicio automático a inicio por solicitud.,25412
System,Service Control Manager,7040,Información,Ninguno,2025-01-20 10:55:49,CamiloMM,NT AUTHORITY\SYSTEM,El tipo de inicio del servicio Servicio de transferencia inteligente en segundo plano (BITS) se cambió de inicio por solicitud a inicio automático.,25411
System,Microsoft-Windows-DistributedCOM,10016,Advertencia,Ninguno,2025-01-20 10:54:51,CamiloMM,CAMILOMM\monsa,La configuración de permisos específico de la aplicación no concede el permiso Activación Local para la aplicación de servidor COM con CLSID  {2593F8B9-4EAF-457C-B68A-50F6B8EA6B54}  y APPID  {15C20B67-12E7-4BB6-92BB-7AFF07997402}  al usuario CamiloMM\monsa con SID (S-1-5-21-854866677-1834114146-3748758031-1001) en la dirección LocalHost (con LRPC) que se ejecuta en el contenedor de aplicaciones con SID TheBrowserCompany.Arc_1.37.0.5788_x64__ttt1ap7aakyb4 (No disponible). Este permiso de seguridad se puede modificar mediante la herramienta administrativa Servicios de componentes.,25410
System,Service Control Manager,7040,Información,Ninguno,2025-01-20 10:54:42,CamiloMM,NT AUTHORITY\SYSTEM,El tipo de inicio del servicio Servicio de transferencia inteligente en segundo plano (BITS) se cambió de inicio automático a inicio por solicitud.,25409
System,Microsoft-Windows-DistributedCOM,10016,Advertencia,Ninguno,2025-01-20 10:52:56,CamiloMM,CAMILOMM\monsa,La configuración de permisos específico de la aplicación no concede el permiso Activación Local para la aplicación de servidor COM con CLSID  {2593F8B9-4EAF-457C-B68A-50F6B8EA6B54}  y APPID  {15C20B67-12E7-4BB6-92BB-7AFF07997402}  al usuario CamiloMM\monsa con SID (S-1-5-21-854866677-1834114146-3748758031-1001) en la dirección LocalHost (con LRPC) que se ejecuta en el contenedor de aplicaciones con SID MSTeams_25007.606.3361.4724_x64__8wekyb3d8bbwe (No disponible). Este permiso de seguridad se puede modificar mediante la herramienta administrativa Servicios de componentes.,25408
System,Service Control Manager,7040,Información,Ninguno,2025-01-20 10:52:37,CamiloMM,NT AUTHORITY\SYSTEM,El tipo de inicio del servicio Servicio de transferencia inteligente en segundo plano (BITS) se cambió de inicio por solicitud a inicio automático.,25407
System,Microsoft-Windows-Kernel-General,16,Información,Ninguno,2025-01-20 10:52:07,CamiloMM,NT AUTHORITY\SYSTEM,El historial de accesos en el subárbol \??\C:\ProgramData\Packages\Microsoft.WidgetsPlatformRuntime_8wekyb3d8bbwe\S-1-5-21-854866677-1834114146-3748758031-1001\SystemAppData\Helium\Cache\86f3ec113b914ae0_COM15.dat se borró mediante la actualización de 1 claves y la creación de 1 páginas modificadas.,25406
System,Netwtw12,7021,Información,Ninguno,2025-01-20 10:52:04,CamiloMM,,7021 - Connection telemetry fields and analysis usage,25405
System,Microsoft-Windows-DistributedCOM,10016,Advertencia,Ninguno,2025-01-20 10:52:03,CamiloMM,NT AUTHORITY\LOCAL SERVICE,La configuración de permisos específico de la aplicación no concede el permiso Activación Local para la aplicación de servidor COM con CLSID  {6B3B8D23-FA8D-40B9-8DBD-B950333E2C52}  y APPID  {4839DDB7-58C2-48F5-8283-E1D1807D0D7D}  al usuario NT AUTHORITY\LOCAL SERVICE con SID (S-1-5-19) en la dirección LocalHost (con LRPC) que se ejecuta en el contenedor de aplicaciones con SID No disponible (No disponible). Este permiso de seguridad se puede modificar mediante la herramienta administrativa Servicios de componentes.,25404
System,Microsoft-Windows-DistributedCOM,10016,Advertencia,Ninguno,2025-01-20 10:52:03,CamiloMM,NT AUTHORITY\LOCAL SERVICE,La configuración de permisos específico de la aplicación no concede el permiso Activación Local para la aplicación de servidor COM con CLSID  {6B3B8D23-FA8D-40B9-8DBD-B950333E2C52}  y APPID  {4839DDB7-58C2-48F5-8283-E1D1807D0D7D}  al usuario NT AUTHORITY\LOCAL SERVICE con SID (S-1-5-19) en la dirección LocalHost (con LRPC) que se ejecuta en el contenedor de aplicaciones con SID No disponible (No disponible). Este permiso de seguridad se puede modificar mediante la herramienta administrativa Servicios de componentes.,25403
System,Microsoft-Windows-Winlogon,7001,Información,1101,2025-01-20 10:52:03,CamiloMM,NT AUTHORITY\SYSTEM,Notificación de inicio de sesión de usuario para el Programa para la mejora de la experiencia del usuario,25402
System,BTHUSB,18,Información,Ninguno,2025-01-20 10:52:03,CamiloMM,,Windows no puede almacenar códigos de autenticación de Bluetooth (claves de vínculo) en el adaptador local. Puede que los teclados Bluetooth no funcionen en el BIOS del sistema durante el inicio.,25401
System,Microsoft-Windows-Power-Troubleshooter,1,Información,Ninguno,2025-01-20 10:52:03,CamiloMM,NT AUTHORITY\LOCAL SERVICE,El sistema estaba en un estado de baja energía y se reanudó.  Hora de suspensión: ‎2025‎-‎01‎-‎20T04:36:50.199617000Z Hora de reactivación: ‎2025‎-‎01‎-‎20T15:52:02.877316300Z  Origen de la reactivación: Unknown,25400
System,Microsoft-Windows-Kernel-Power,566,Información,268,2025-01-20 10:52:03,CamiloMM,NT AUTHORITY\SYSTEM,La sesión del sistema ha cambiado de 18 a 20.  Motivo Unknown   BootId: 45,25399
System,Microsoft-Windows-Kernel-Power,566,Información,268,2025-01-20 10:52:02,CamiloMM,,La sesión del sistema ha cambiado de 17 a 18.  Motivo SxTransition   BootId: 45,25398
System,Microsoft-Windows-Kernel-Boot,32,Información,58,2025-01-20 10:52:02,CamiloMM,,Bootmgr esperó la entrada del usuario durante 0 ms.,25397
System,Microsoft-Windows-Kernel-Boot,18,Información,57,2025-01-20 10:52:02,CamiloMM,,Existen 0x1 opciones de arranque en este sistema.,25396
System,Microsoft-Windows-Kernel-Boot,247,Información,99,2025-01-20 10:52:02,CamiloMM,,"No se puede cargar el firmware de Pluton-Windows. StatusCode: STATUS_SUCCESS, Motivo: Failed to apply firmware.",25395
System,Microsoft-Windows-Kernel-Boot,27,Información,33,2025-01-20 10:52:02,CamiloMM,,El tipo de arranque fue 0x1.,25394
System,Microsoft-Windows-Kernel-Boot,25,Información,32,2025-01-20 10:52:02,CamiloMM,,La directiva del menú de arranque fue 0x1.,25393
System,Microsoft-Windows-Kernel-Boot,30,Información,21,2025-01-20 10:52:02,CamiloMM,,El firmware notificó métricas de arranque.,25392
System,Microsoft-Windows-TPM-WMI,1038,Información,Ninguno,2025-01-20 10:52:01,CamiloMM,NT AUTHORITY\SYSTEM,Las comprobaciones de estado de la atestación previa confirman que se espera que el dispositivo supere la atestación.  Consulte C:\WINDOWS\Logs\MeasuredBoot\0000000228-0000000000.json para obtener información detallada sobre las comprobaciones realizadas.,25391
System,Microsoft-Windows-TPM-WMI,1041,Información,Ninguno,2025-01-20 10:52:01,CamiloMM,NT AUTHORITY\SYSTEM,"Información detallada sobre la comprobación del estado de la atestación previa: {""Version"":1,""HealthStatus"":""Attestable"",""Required"":[{""Field"":""TpmPresent"",""Value"":true,""DesiredValue"":true},{""Field"":""TpmMeetsMinimumVersion"",""Value"":true,""DesiredValue"":true},{""Field"":""TpmIsResponsive"",""Value"":true,""DesiredValue"":true},{""Field"":""EkCertIsAvailable"",""Value"":true,""DesiredValue"":true},{""Field"":""TcgLogFound"",""Value"":true,""DesiredValue"":true}],""Expected"":[{""Field"":""PcrsMatchTcgLog"",""Value"":true,""DesiredValue"":true}],""Informational"":[{""Field"":""SecureBootEnabled"",""ValueFromComputer"":true,""ValueFromTcgLog"":true,""DesiredValue"":true,""TcgValueIsVerifiable"":true},{""Field"":""VirtualSecureMemory"",""ValueFromComputer"":false,""ValueFromTcgLog"":false,""DesiredValue"":true,""TcgValueIsVerifiable"":true},{""Field"":""SecureCorePCCompliant"",""ValueFromComputer"":false,""ValueFromTcgLog"":false,""DesiredValue"":true,""TcgValueIsVerifiable"":true}]}",25390
System,Intel-SST-OED,28,Información,This task logs error codes to system event log.,2025-01-20 10:52:01,CamiloMM,,"Loaded DSP FW library: Libs\dsp_lib_whm_adl_release.bin, status = STATUS_SUCCESS.",25389
System,Intel-SST-OED,28,Información,This task logs error codes to system event log.,2025-01-20 10:52:01,CamiloMM,,"Loaded DSP FW library: Libs\dsp_lib_whm_adl_release.bin, status = STATUS_SUCCESS.",25388
System,Intel-SST-OED,28,Información,This task logs error codes to system event log.,2025-01-20 10:52:01,CamiloMM,,"Loaded DSP FW library: Libs\dsp_lib_intel_wov_adl_release.bin, status = STATUS_SUCCESS.",25387
System,Netwtw12,7025,Información,Ninguno,2025-01-20 10:52:01,CamiloMM,,7025 - Dump after return from D3 before cmd ,25386
System,Microsoft-Windows-Kernel-Power,105,Información,100,2025-01-20 10:52:01,CamiloMM,,Cambio de fuente de energía.,25385
System,Microsoft-Windows-Kernel-General,1,Información,5,2025-01-20 10:52:00,CamiloMM,,La hora del sistema ha cambiado a ‎2025‎-‎01‎-‎20T15:52:00.500000000Z de ‎2025‎-‎01‎-‎20T04:36:53.401215700Z. Diferencia horaria: 40507098 ms  Motivo del cambio: System time synchronized with the hardware clock. Proceso: '' (PID 4).  Hora de RTC: ‎2025‎-‎01‎-‎20T10:52:00.500000000Z Diferencia de zona horaria actual: 300 hora RTC es UTC: false La hora del sistema se basaba en la hora RTC: false,25384
